n,k,B,qb,L,total_ms,per_qp_ns,levels...
512,51,8,256,7,0.184,719.6,1:32:16:0:25:0:0:0:1:8:8,2:16:32:1:64:0:0:21:0:23:23,2:8:54:1:128:0:0:0:0:54:54,2:4:54:1:128:0:0:0:0:54:54,2:2:54:1:128:0:0:0:0:54:54,2:1:54:1:128:0:0:0:0:54:54
512,128,8,256,7,0.192,748.2,1:32:16:0:25:0:0:0:1:8:8,2:16:32:1:64:0:0:0:1:23:23,2:8:64:1:128:0:0:0:1:54:54,2:4:128:1:256:0:0:0:0:117:117,2:2:128:1:256:0:0:0:0:128:128,2:1:128:1:256:0:0:0:0:128:128
512,256,8,256,7,0.194,759.7,1:32:16:0:25:0:0:0:1:8:8,2:16:32:1:64:0:0:0:1:23:23,2:8:64:1:128:0:0:0:1:54:54,2:4:128:1:256:0:0:0:1:117:117,2:2:256:1:512:0:0:0:0:244:244,2:1:256:1:512:0:0:0:0:256:256
512,512,8,256,7,0.200,779.6,1:32:16:0:25:0:0:0:1:8:8,2:16:32:1:64:0:0:0:1:23:23,2:8:64:1:128:0:0:0:1:54:54,2:4:128:1:256:0:0:0:1:117:117,2:2:256:1:512:0:0:0:1:244:244,2:1:512:1:1024:0:0:0:0:499:499
512,51,16,256,6,0.171,667.8,2:16:32:1:64:0:0:14:0:16:16,2:8:54:1:128:0:0:0:0:47:47,2:4:54:1:128:0:0:0:0:54:54,2:2:54:1:128:0:0:0:0:54:54,2:1:54:1:128:0:0:0:0:54:54
512,128,16,256,6,0.171,669.0,2:16:32:1:64:0:0:0:1:16:16,2:8:64:1:128:0:0:0:1:47:47,2:4:128:1:256:0:0:0:0:110:110,2:2:128:1:256:0:0:0:0:128:128,2:1:128:1:256:0:0:0:0:128:128
512,256,16,256,6,0.179,699.4,2:16:32:1:64:0:0:0:1:16:16,2:8:64:1:128:0:0:0:1:47:47,2:4:128:1:256:0:0:0:1:110:110,2:2:256:1:512:0:0:0:0:237:237,2:1:256:1:512:0:0:0:0:256:256
512,512,16,256,6,0.182,709.9,2:16:32:1:64:0:0:0:1:16:16,2:8:64:1:128:0:0:0:1:47:47,2:4:128:1:256:0:0:0:1:110:110,2:2:256:1:512:0:0:0:1:237:237,2:1:512:1:1024:0:0:0:0:492:492
512,51,32,256,5,0.156,608.5,2:8:54:1:128:0:0:0:0:32:32,2:4:54:1:128:0:0:0:0:54:54,2:2:54:1:128:0:0:0:0:54:54,2:1:54:1:128:0:0:0:0:54:54
512,128,32,256,5,0.156,610.8,2:8:64:1:128:0:0:0:1:32:32,2:4:128:1:256:0:0:0:0:95:95,2:2:128:1:256:0:0:0:0:128:128,2:1:128:1:256:0:0:0:0:128:128
512,256,32,256,5,0.162,632.1,2:8:64:1:128:0:0:0:1:32:32,2:4:128:1:256:0:0:0:1:95:95,2:2:256:1:512:0:0:0:0:222:222,2:1:256:1:512:0:0:0:0:256:256
512,512,32,256,5,0.169,658.6,2:8:64:1:128:0:0:0:1:32:32,2:4:128:1:256:0:0:0:1:95:95,2:2:256:1:512:0:0:0:1:222:222,2:1:512:1:1024:0:0:0:0:477:477
512,128,64,256,4,0.147,574.9,2:4:128:1:256:0:0:0:0:64:64,2:2:128:1:256:0:0:0:0:128:128,2:1:128:1:256:0:0:0:0:128:128
512,256,64,256,4,0.151,591.2,2:4:128:1:256:0:0:0:1:64:64,2:2:256:1:512:0:0:0:0:191:191,2:1:256:1:512:0:0:0:0:256:256
512,512,64,256,4,0.159,623.0,2:4:128:1:256:0:0:0:1:64:64,2:2:256:1:512:0:0:0:1:191:191,2:1:512:1:1024:0:0:0:0:446:446
512,128,128,256,3,0.150,585.2,2:2:128:1:256:0:0:0:0:128:128,2:1:128:1:256:0:0:0:0:128:128
512,256,128,256,3,0.158,616.8,2:2:256:1:512:0:0:0:0:128:128,2:1:256:1:512:0:0:0:0:256:256
512,512,128,256,3,0.158,617.8,2:2:256:1:512:0:0:0:1:128:128,2:1:512:1:1024:0:0:0:0:383:383
512,256,256,256,2,0.198,774.8,2:1:256:1:512:0:0:0:0:256:256
512,512,256,256,2,0.204,795.8,2:1:512:1:1024:0:0:0:0:256:256
512,512,512,256,1,0.332,1296.7
1024,102,8,256,8,0.267,1043.8,1:64:16:0:25:0:0:0:1:8:8,2:32:32:1:64:0:0:0:1:23:23,2:16:64:1:128:0:0:40:0:54:54,2:8:105:1:256:0:0:0:0:105:105,2:4:105:1:256:0:0:0:0:105:105,2:2:105:1:256:0:0:0:0:105:105,2:1:105:1:256:0:0:0:0:105:105
1024,256,8,256,8,0.277,1081.0,1:64:16:0:25:0:0:0:1:8:8,2:32:32:1:64:0:0:0:1:23:23,2:16:64:1:128:0:0:0:1:54:54,2:8:128:1:256:0:0:0:1:117:117,2:4:256:1:512:0:0:0:0:244:244,2:2:256:1:512:0:0:0:0:256:256,2:1:256:1:512:0:0:0:0:256:256
1024,512,8,256,8,0.298,1165.9,1:64:16:0:25:0:0:0:1:8:8,2:32:32:1:64:0:0:0:1:23:23,2:16:64:1:128:0:0:0:1:54:54,2:8:128:1:256:0:0:0:1:117:117,2:4:256:1:512:0:0:0:1:244:244,2:2:512:1:1024:0:0:0:0:499:499,2:1:512:1:1024:0:0:0:0:512:512
1024,1024,8,256,8,0.314,1228.0,1:64:16:0:25:0:0:0:1:8:8,2:32:32:1:64:0:0:0:1:23:23,2:16:64:1:128:0:0:0:1:54:54,2:8:128:1:256:0:0:0:1:117:117,2:4:256:1:512:0:0:0:1:244:244,2:2:512:1:1024:0:0:0:1:499:499,2:1:1024:1:2048:0:0:0:0:1010:1010
1024,102,16,256,7,0.238,929.8,2:32:32:1:64:0:0:0:1:16:16,2:16:64:1:128:0:0:40:0:47:47,2:8:105:1:256:0:0:0:0:105:105,2:4:105:1:256:0:0:0:0:105:105,2:2:105:1:256:0:0:0:0:105:105,2:1:105:1:256:0:0:0:0:105:105
1024,256,16,256,7,0.253,987.5,2:32:32:1:64:0:0:0:1:16:16,2:16:64:1:128:0:0:0:1:47:47,2:8:128:1:256:0:0:0:1:110:110,2:4:256:1:512:0:0:0:0:237:237,2:2:256:1:512:0:0:0:0:256:256,2:1:256:1:512:0:0:0:0:256:256
1024,512,16,256,7,0.276,1077.4,2:32:32:1:64:0:0:0:1:16:16,2:16:64:1:128:0:0:0:1:47:47,2:8:128:1:256:0:0:0:1:110:110,2:4:256:1:512:0:0:0:1:237:237,2:2:512:1:1024:0:0:0:0:492:492,2:1:512:1:1024:0:0:0:0:512:512
1024,1024,16,256,7,0.288,1124.7,2:32:32:1:64:0:0:0:1:16:16,2:16:64:1:128:0:0:0:1:47:47,2:8:128:1:256:0:0:0:1:110:110,2:4:256:1:512:0:0:0:1:237:237,2:2:512:1:1024:0:0:0:1:492:492,2:1:1024:1:2048:0:0:0:0:1003:1003
1024,102,32,256,6,0.231,901.9,2:16:64:1:128:0:0:30:0:32:32,2:8:105:1:256:0:0:0:0:95:95,2:4:105:1:256:0:0:0:0:105:105,2:2:105:1:256:0:0:0:0:105:105,2:1:105:1:256:0:0:0:0:105:105
1024,256,32,256,6,0.238,929.4,2:16:64:1:128:0:0:0:1:32:32,2:8:128:1:256:0:0:0:1:95:95,2:4:256:1:512:0:0:0:0:222:222,2:2:256:1:512:0:0:0:0:256:256,2:1:256:1:512:0:0:0:0:256:256
1024,512,32,256,6,0.253,988.8,2:16:64:1:128:0:0:0:1:32:32,2:8:128:1:256:0:0:0:1:95:95,2:4:256:1:512:0:0:0:1:222:222,2:2:512:1:1024:0:0:0:0:477:477,2:1:512:1:1024:0:0:0:0:512:512
1024,1024,32,256,6,0.274,1070.7,2:16:64:1:128:0:0:0:1:32:32,2:8:128:1:256:0:0:0:1:95:95,2:4:256:1:512:0:0:0:1:222:222,2:2:512:1:1024:0:0:0:1:477:477,2:1:1024:1:2048:0:0:0:0:988:988
1024,102,64,256,5,0.200,779.8,2:8:105:1:256:0:0:0:0:64:64,2:4:105:1:256:0:0:0:0:105:105,2:2:105:1:256:0:0:0:0:105:105,2:1:105:1:256:0:0:0:0:105:105
1024,256,64,256,5,0.221,864.6,2:8:128:1:256:0:0:0:1:64:64,2:4:256:1:512:0:0:0:0:191:191,2:2:256:1:512:0:0:0:0:256:256,2:1:256:1:512:0:0:0:0:256:256
1024,512,64,256,5,0.246,960.9,2:8:128:1:256:0:0:0:1:64:64,2:4:256:1:512:0:0:0:1:191:191,2:2:512:1:1024:0:0:0:0:446:446,2:1:512:1:1024:0:0:0:0:512:512
1024,1024,64,256,5,0.259,1010.6,2:8:128:1:256:0:0:0:1:64:64,2:4:256:1:512:0:0:0:1:191:191,2:2:512:1:1024:0:0:0:1:446:446,2:1:1024:1:2048:0:0:0:0:957:957
1024,256,128,256,4,0.233,908.8,2:4:256:1:512:0:0:0:0:128:128,2:2:256:1:512:0:0:0:0:256:256,2:1:256:1:512:0:0:0:0:256:256
1024,512,128,256,4,0.260,1016.4,2:4:256:1:512:0:0:0:1:128:128,2:2:512:1:1024:0:0:0:0:383:383,2:1:512:1:1024:0:0:0:0:512:512
1024,1024,128,256,4,0.270,1055.6,2:4:256:1:512:0:0:0:1:128:128,2:2:512:1:1024:0:0:0:1:383:383,2:1:1024:1:2048:0:0:0:0:894:894
1024,256,256,256,3,0.268,1045.5,2:2:256:1:512:0:0:0:0:256:256,2:1:256:1:512:0:0:0:0:256:256
1024,512,256,256,3,0.294,1148.0,2:2:512:1:1024:0:0:0:0:256:256,2:1:512:1:1024:0:0:0:0:512:512
1024,1024,256,256,3,0.305,1189.5,2:2:512:1:1024:0:0:0:1:256:256,2:1:1024:1:2048:0:0:0:0:767:767
1024,512,512,256,2,0.414,1615.5,2:1:512:1:1024:0:0:0:0:512:512
1024,1024,512,256,2,0.430,1681.2,2:1:1024:1:2048:0:0:0:0:512:512
1024,1024,1024,256,1,0.835,3261.9
2048,204,8,256,9,0.456,1782.2,1:128:16:0:25:0:0:0:1:8:8,2:64:32:1:64:0:0:0:1:23:23,2:32:64:1:128:0:0:0:1:54:54,2:16:128:1:256:0:0:81:0:117:117,2:8:210:1:512:0:0:0:0:210:210,2:4:210:1:512:0:0:0:0:210:210,2:2:210:1:512:0:0:0:0:210:210,2:1:210:1:512:0:0:0:0:210:210
2048,512,8,256,9,0.508,1982.7,1:128:16:0:25:0:0:0:1:8:8,2:64:32:1:64:0:0:0:1:23:23,2:32:64:1:128:0:0:0:1:54:54,2:16:128:1:256:0:0:0:1:117:117,2:8:256:1:512:0:0:0:1:244:244,2:4:512:1:1024:0:0:0:0:499:499,2:2:512:1:1024:0:0:0:0:512:512,2:1:512:1:1024:0:0:0:0:512:512
2048,1024,8,256,9,0.555,2169.3,1:128:16:0:25:0:0:0:1:8:8,2:64:32:1:64:0:0:0:1:23:23,2:32:64:1:128:0:0:0:1:54:54,2:16:128:1:256:0:0:0:1:117:117,2:8:256:1:512:0:0:0:1:244:244,2:4:512:1:1024:0:0:0:1:499:499,2:2:1024:1:2048:0:0:0:0:1010:1010,2:1:1024:1:2048:0:0:0:0:1024:1024
2048,2048,8,256,9,0.603,2357.0,1:128:16:0:25:0:0:0:1:8:8,2:64:32:1:64:0:0:0:1:23:23,2:32:64:1:128:0:0:0:1:54:54,2:16:128:1:256:0:0:0:1:117:117,2:8:256:1:512:0:0:0:1:244:244,2:4:512:1:1024:0:0:0:1:499:499,2:2:1024:1:2048:0:0:0:1:1010:1010,3:1:2048:1:4096:0:0:0:0:2033:2033
2048,204,16,256,8,0.406,1586.3,2:64:32:1:64:0:0:0:1:16:16,2:32:64:1:128:0:0:0:1:47:47,2:16:128:1:256:0:0:81:0:110:110,2:8:210:1:512:0:0:0:0:210:210,2:4:210:1:512:0:0:0:0:210:210,2:2:210:1:512:0:0:0:0:210:210,2:1:210:1:512:0:0:0:0:210:210
2048,512,16,256,8,0.466,1820.6,2:64:32:1:64:0:0:0:1:16:16,2:32:64:1:128:0:0:0:1:47:47,2:16:128:1:256:0:0:0:1:110:110,2:8:256:1:512:0:0:0:1:237:237,2:4:512:1:1024:0:0:0:0:492:492,2:2:512:1:1024:0:0:0:0:512:512,2:1:512:1:1024:0:0:0:0:512:512
2048,1024,16,256,8,0.510,1991.6,2:64:32:1:64:0:0:0:1:16:16,2:32:64:1:128:0:0:0:1:47:47,2:16:128:1:256:0:0:0:1:110:110,2:8:256:1:512:0:0:0:1:237:237,2:4:512:1:1024:0:0:0:1:492:492,2:2:1024:1:2048:0:0:0:0:1003:1003,2:1:1024:1:2048:0:0:0:0:1024:1024
2048,2048,16,256,8,0.564,2202.3,2:64:32:1:64:0:0:0:1:16:16,2:32:64:1:128:0:0:0:1:47:47,2:16:128:1:256:0:0:0:1:110:110,2:8:256:1:512:0:0:0:1:237:237,2:4:512:1:1024:0:0:0:1:492:492,2:2:1024:1:2048:0:0:0:1:1003:1003,3:1:2048:1:4096:0:0:0:0:2026:2026
2048,204,32,256,7,0.368,1436.6,2:32:64:1:128:0:0:0:1:32:32,2:16:128:1:256:0:0:81:0:95:95,2:8:210:1:512:0:0:0:0:210:210,2:4:210:1:512:0:0:0:0:210:210,2:2:210:1:512:0:0:0:0:210:210,2:1:210:1:512:0:0:0:0:210:210
2048,512,32,256,7,0.428,1672.5,2:32:64:1:128:0:0:0:1:32:32,2:16:128:1:256:0:0:0:1:95:95,2:8:256:1:512:0:0:0:1:222:222,2:4:512:1:1024:0:0:0:0:477:477,2:2:512:1:1024:0:0:0:0:512:512,2:1:512:1:1024:0:0:0:0:512:512
2048,1024,32,256,7,0.474,1851.6,2:32:64:1:128:0:0:0:1:32:32,2:16:128:1:256:0:0:0:1:95:95,2:8:256:1:512:0:0:0:1:222:222,2:4:512:1:1024:0:0:0:1:477:477,2:2:1024:1:2048:0:0:0:0:988:988,2:1:1024:1:2048:0:0:0:0:1024:1024
2048,2048,32,256,7,0.522,2039.7,2:32:64:1:128:0:0:0:1:32:32,2:16:128:1:256:0:0:0:1:95:95,2:8:256:1:512:0:0:0:1:222:222,2:4:512:1:1024:0:0:0:1:477:477,2:2:1024:1:2048:0:0:0:1:988:988,3:1:2048:1:4096:0:0:0:0:2011:2011
2048,204,64,256,6,0.342,1334.9,2:16:128:1:256:0:0:62:0:64:64,2:8:210:1:512:0:0:0:0:191:191,2:4:210:1:512:0:0:0:0:210:210,2:2:210:1:512:0:0:0:0:210:210,2:1:210:1:512:0:0:0:0:210:210
2048,512,64,256,6,0.397,1551.4,2:16:128:1:256:0:0:0:1:64:64,2:8:256:1:512:0:0:0:1:191:191,2:4:512:1:1024:0:0:0:0:446:446,2:2:512:1:1024:0:0:0:0:512:512,2:1:512:1:1024:0:0:0:0:512:512
2048,1024,64,256,6,0.445,1736.4,2:16:128:1:256:0:0:0:1:64:64,2:8:256:1:512:0:0:0:1:191:191,2:4:512:1:1024:0:0:0:1:446:446,2:2:1024:1:2048:0:0:0:0:957:957,2:1:1024:1:2048:0:0:0:0:1024:1024
2048,2048,64,256,6,0.499,1950.1,2:16:128:1:256:0:0:0:1:64:64,2:8:256:1:512:0:0:0:1:191:191,2:4:512:1:1024:0:0:0:1:446:446,2:2:1024:1:2048:0:0:0:1:957:957,3:1:2048:1:4096:0:0:0:0:1980:1980
2048,204,128,256,5,0.352,1374.7,2:8:210:1:512:0:0:0:0:128:128,2:4:210:1:512:0:0:0:0:210:210,2:2:210:1:512:0:0:0:0:210:210,2:1:210:1:512:0:0:0:0:210:210
2048,512,128,256,5,0.414,1618.8,2:8:256:1:512:0:0:0:1:128:128,2:4:512:1:1024:0:0:0:0:383:383,2:2:512:1:1024:0:0:0:0:512:512,2:1:512:1:1024:0:0:0:0:512:512
2048,1024,128,256,5,0.466,1819.9,2:8:256:1:512:0:0:0:1:128:128,2:4:512:1:1024:0:0:0:1:383:383,2:2:1024:1:2048:0:0:0:0:894:894,2:1:1024:1:2048:0:0:0:0:1024:1024
2048,2048,128,256,5,0.520,2033.0,2:8:256:1:512:0:0:0:1:128:128,2:4:512:1:1024:0:0:0:1:383:383,2:2:1024:1:2048:0:0:0:1:894:894,3:1:2048:1:4096:0:0:0:0:1917:1917
2048,512,256,256,4,0.503,1963.8,2:4:512:1:1024:0:0:0:0:256:256,2:2:512:1:1024:0:0:0:0:512:512,2:1:512:1:1024:0:0:0:0:512:512
2048,1024,256,256,4,0.549,2144.7,2:4:512:1:1024:0:0:0:1:256:256,2:2:1024:1:2048:0:0:0:0:767:767,2:1:1024:1:2048:0:0:0:0:1024:1024
2048,2048,256,256,4,0.610,2382.0,2:4:512:1:1024:0:0:0:1:256:256,2:2:1024:1:2048:0:0:0:1:767:767,3:1:2048:1:4096:0:0:0:0:1790:1790
2048,512,512,256,3,0.627,2450.3,2:2:512:1:1024:0:0:0:0:512:512,2:1:512:1:1024:0:0:0:0:512:512
2048,1024,512,256,3,0.680,2656.2,2:2:1024:1:2048:0:0:0:0:512:512,2:1:1024:1:2048:0:0:0:0:1024:1024
2048,2048,512,256,3,0.755,2950.7,2:2:1024:1:2048:0:0:0:1:512:512,3:1:2048:1:4096:0:0:0:0:1535:1535
2048,1024,1024,256,2,1.124,4390.6,2:1:1024:1:2048:0:0:0:0:1024:1024
2048,2048,1024,256,2,1.211,4731.2,3:1:2048:1:4096:0:0:0:0:1024:1024
4096,409,8,256,10,0.869,3393.3,1:256:16:0:25:0:0:0:1:8:8,2:128:32:1:64:0:0:0:1:23:23,2:64:64:1:128:0:0:0:1:54:54,2:32:128:1:256:0:0:0:1:117:117,2:16:256:1:512:0:0:163:0:244:244,2:8:420:1:1024:0:0:0:0:420:420,2:4:420:1:1024:0:0:0:0:420:420,2:2:420:1:1024:0:0:0:0:420:420,2:1:420:1:1024:0:0:0:0:420:420
4096,1024,8,256,10,0.994,3884.6,1:256:16:0:25:0:0:0:1:8:8,2:128:32:1:64:0:0:0:1:23:23,2:64:64:1:128:0:0:0:1:54:54,2:32:128:1:256:0:0:0:1:117:117,2:16:256:1:512:0:0:0:1:244:244,2:8:512:1:1024:0:0:0:1:499:499,2:4:1024:1:2048:0:0:0:0:1010:1010,2:2:1024:1:2048:0:0:0:0:1024:1024,2:1:1024:1:2048:0:0:0:0:1024:1024
4096,2048,8,256,10,1.091,4260.6,1:256:16:0:25:0:0:0:1:8:8,2:128:32:1:64:0:0:0:1:23:23,2:64:64:1:128:0:0:0:1:54:54,2:32:128:1:256:0:0:0:1:117:117,2:16:256:1:512:0:0:0:1:244:244,2:8:512:1:1024:0:0:0:1:499:499,2:4:1024:1:2048:0:0:0:1:1010:1010,3:2:2048:1:4096:0:1:0:0:2033:2033,3:1:2048:1:4096:0:0:0:0:2048:2048
4096,4096,8,256,10,1.134,4428.7,1:256:16:0:25:0:0:0:1:8:8,2:128:32:1:64:0:0:0:1:23:23,2:64:64:1:128:0:0:0:1:54:54,2:32:128:1:256:0:0:0:1:117:117,2:16:256:1:512:0:0:0:1:244:244,2:8:512:1:1024:0:0:0:1:499:499,2:4:1024:1:2048:0:0:0:1:1010:1010,3:2:2048:1:4096:0:1:0:1:2033:2033,3:1:4096:1:8192:0:0:0:0:4080:4080
4096,409,16,256,9,0.793,3096.0,2:128:32:1:64:0:0:0:1:16:16,2:64:64:1:128:0:0:0:1:47:47,2:32:128:1:256:0:0:0:1:110:110,2:16:256:1:512:0:0:163:0:237:237,2:8:420:1:1024:0:0:0:0:420:420,2:4:420:1:1024:0:0:0:0:420:420,2:2:420:1:1024:0:0:0:0:420:420,2:1:420:1:1024:0:0:0:0:420:420
4096,1024,16,256,9,0.914,3572.2,2:128:32:1:64:0:0:0:1:16:16,2:64:64:1:128:0:0:0:1:47:47,2:32:128:1:256:0:0:0:1:110:110,2:16:256:1:512:0:0:0:1:237:237,2:8:512:1:1024:0:0:0:1:492:492,2:4:1024:1:2048:0:0:0:0:1003:1003,2:2:1024:1:2048:0:0:0:0:1024:1024,2:1:1024:1:2048:0:0:0:0:1024:1024
4096,2048,16,256,9,1.013,3958.3,2:128:32:1:64:0:0:0:1:16:16,2:64:64:1:128:0:0:0:1:47:47,2:32:128:1:256:0:0:0:1:110:110,2:16:256:1:512:0:0:0:1:237:237,2:8:512:1:1024:0:0:0:1:492:492,2:4:1024:1:2048:0:0:0:1:1003:1003,3:2:2048:1:4096:0:1:0:0:2026:2026,3:1:2048:1:4096:0:0:0:0:2048:2048
4096,4096,16,256,9,1.054,4116.4,2:128:32:1:64:0:0:0:1:16:16,2:64:64:1:128:0:0:0:1:47:47,2:32:128:1:256:0:0:0:1:110:110,2:16:256:1:512:0:0:0:1:237:237,2:8:512:1:1024:0:0:0:1:492:492,2:4:1024:1:2048:0:0:0:1:1003:1003,3:2:2048:1:4096:0:1:0:1:2026:2026,3:1:4096:1:8192:0:0:0:0:4073:4073
4096,409,32,256,8,0.723,2825.0,2:64:64:1:128:0:0:0:1:32:32,2:32:128:1:256:0:0:0:1:95:95,2:16:256:1:512:0:0:163:0:222:222,2:8:420:1:1024:0:0:0:0:420:420,2:4:420:1:1024:0:0:0:0:420:420,2:2:420:1:1024:0:0:0:0:420:420,2:1:420:1:1024:0:0:0:0:420:420
4096,1024,32,256,8,0.852,3327.6,2:64:64:1:128:0:0:0:1:32:32,2:32:128:1:256:0:0:0:1:95:95,2:16:256:1:512:0:0:0:1:222:222,2:8:512:1:1024:0:0:0:1:477:477,2:4:1024:1:2048:0:0:0:0:988:988,2:2:1024:1:2048:0:0:0:0:1024:1024,2:1:1024:1:2048:0:0:0:0:1024:1024
4096,2048,32,256,8,0.951,3714.5,2:64:64:1:128:0:0:0:1:32:32,2:32:128:1:256:0:0:0:1:95:95,2:16:256:1:512:0:0:0:1:222:222,2:8:512:1:1024:0:0:0:1:477:477,2:4:1024:1:2048:0:0:0:1:988:988,3:2:2048:1:4096:0:1:0:0:2011:2011,3:1:2048:1:4096:0:0:0:0:2048:2048
4096,4096,32,256,8,0.991,3872.1,2:64:64:1:128:0:0:0:1:32:32,2:32:128:1:256:0:0:0:1:95:95,2:16:256:1:512:0:0:0:1:222:222,2:8:512:1:1024:0:0:0:1:477:477,2:4:1024:1:2048:0:0:0:1:988:988,3:2:2048:1:4096:0:1:0:1:2011:2011,3:1:4096:1:8192:0:0:0:0:4058:4058
4096,409,64,256,7,0.681,2660.7,2:32:128:1:256:0:0:0:1:64:64,2:16:256:1:512:0:0:163:0:191:191,2:8:420:1:1024:0:0:0:0:420:420,2:4:420:1:1024:0:0:0:0:420:420,2:2:420:1:1024:0:0:0:0:420:420,2:1:420:1:1024:0:0:0:0:420:420
4096,1024,64,256,7,0.803,3138.4,2:32:128:1:256:0:0:0:1:64:64,2:16:256:1:512:0:0:0:1:191:191,2:8:512:1:1024:0:0:0:1:446:446,2:4:1024:1:2048:0:0:0:0:957:957,2:2:1024:1:2048:0:0:0:0:1024:1024,2:1:1024:1:2048:0:0:0:0:1024:1024
4096,2048,64,256,7,0.900,3516.6,2:32:128:1:256:0:0:0:1:64:64,2:16:256:1:512:0:0:0:1:191:191,2:8:512:1:1024:0:0:0:1:446:446,2:4:1024:1:2048:0:0:0:1:957:957,3:2:2048:1:4096:0:1:0:0:1980:1980,3:1:2048:1:4096:0:0:0:0:2048:2048
4096,4096,64,256,7,0.945,3692.6,2:32:128:1:256:0:0:0:1:64:64,2:16:256:1:512:0:0:0:1:191:191,2:8:512:1:1024:0:0:0:1:446:446,2:4:1024:1:2048:0:0:0:1:957:957,3:2:2048:1:4096:0:1:0:1:1980:1980,3:1:4096:1:8192:0:0:0:0:4027:4027
4096,409,128,256,6,0.713,2786.1,2:16:256:1:512:0:0:126:0:128:128,2:8:420:1:1024:0:0:0:0:383:383,2:4:420:1:1024:0:0:0:0:420:420,2:2:420:1:1024:0:0:0:0:420:420,2:1:420:1:1024:0:0:0:0:420:420
4096,1024,128,256,6,0.838,3275.1,2:16:256:1:512:0:0:0:1:128:128,2:8:512:1:1024:0:0:0:1:383:383,2:4:1024:1:2048:0:0:0:0:894:894,2:2:1024:1:2048:0:0:0:0:1024:1024,2:1:1024:1:2048:0:0:0:0:1024:1024
4096,2048,128,256,6,0.942,3680.9,2:16:256:1:512:0:0:0:1:128:128,2:8:512:1:1024:0:0:0:1:383:383,2:4:1024:1:2048:0:0:0:1:894:894,3:2:2048:1:4096:0:1:0:0:1917:1917,3:1:2048:1:4096:0:0:0:0:2048:2048
4096,4096,128,256,6,0.985,3847.7,2:16:256:1:512:0:0:0:1:128:128,2:8:512:1:1024:0:0:0:1:383:383,2:4:1024:1:2048:0:0:0:1:894:894,3:2:2048:1:4096:0:1:0:1:1917:1917,3:1:4096:1:8192:0:0:0:0:3964:3964
4096,409,256,256,5,0.871,3401.9,2:8:420:1:1024:0:0:0:0:256:256,2:4:420:1:1024:0:0:0:0:420:420,2:2:420:1:1024:0:0:0:0:420:420,2:1:420:1:1024:0:0:0:0:420:420
4096,1024,256,256,5,1.014,3959.7,2:8:512:1:1024:0:0:0:1:256:256,2:4:1024:1:2048:0:0:0:0:767:767,2:2:1024:1:2048:0:0:0:0:1024:1024,2:1:1024:1:2048:0:0:0:0:1024:1024
4096,2048,256,256,5,1.123,4385.0,2:8:512:1:1024:0:0:0:1:256:256,2:4:1024:1:2048:0:0:0:1:767:767,3:2:2048:1:4096:0:1:0:0:1790:1790,3:1:2048:1:4096:0:0:0:0:2048:2048
4096,4096,256,256,5,1.171,4572.5,2:8:512:1:1024:0:0:0:1:256:256,2:4:1024:1:2048:0:0:0:1:767:767,3:2:2048:1:4096:0:1:0:1:1790:1790,3:1:4096:1:8192:0:0:0:0:3837:3837
4096,1024,512,256,4,1.238,4834.6,2:4:1024:1:2048:0:0:0:0:512:512,2:2:1024:1:2048:0:0:0:0:1024:1024,2:1:1024:1:2048:0:0:0:0:1024:1024
4096,2048,512,256,4,1.390,5429.6,2:4:1024:1:2048:0:0:0:1:512:512,3:2:2048:1:4096:0:1:0:0:1535:1535,3:1:2048:1:4096:0:0:0:0:2048:2048
4096,4096,512,256,4,1.432,5595.3,2:4:1024:1:2048:0:0:0:1:512:512,3:2:2048:1:4096:0:1:0:1:1535:1535,3:1:4096:1:8192:0:0:0:0:3582:3582
4096,1024,1024,256,3,1.764,6890.9,2:2:1024:1:2048:0:0:0:0:1024:1024,2:1:1024:1:2048:0:0:0:0:1024:1024
4096,2048,1024,256,3,1.966,7677.8,3:2:2048:1:4096:0:1:0:0:1024:1024,3:1:2048:1:4096:0:0:0:0:2048:2048
4096,4096,1024,256,3,2.006,7835.2,3:2:2048:1:4096:0:1:0:1:1024:1024,3:1:4096:1:8192:0:0:0:0:3071:3071
8192,819,8,256,11,1.957,7644.0,1:512:16:0:25:0:0:0:1:8:8,2:256:32:1:64:0:0:0:1:23:23,2:128:64:1:128:0:0:0:1:54:54,2:64:128:1:256:0:0:0:1:117:117,2:32:256:1:512:0:0:0:1:244:244,3:16:512:1:1296:0:1:55:0:499:499,2:8:840:1:2048:0:0:0:0:840:840,2:4:840:1:2048:0:0:0:0:840:840,2:2:840:1:2048:0:0:0:0:840:840,2:1:840:1:2048:0:0:0:0:840:840
8192,2048,8,256,11,2.036,7953.4,1:512:16:0:25:0:0:0:1:8:8,2:256:32:1:64:0:0:0:1:23:23,2:128:64:1:128:0:0:0:1:54:54,2:64:128:1:256:0:0:0:1:117:117,2:32:256:1:512:0:0:0:1:244:244,2:16:512:1:1024:0:0:0:1:499:499,2:8:1024:1:2048:0:0:0:1:1010:1010,3:4:2048:1:4096:0:1:0:0:2033:2033,3:2:2048:1:4096:0:1:0:0:2048:2048,3:1:2048:1:4096:0:0:0:0:2048:2048
8192,4096,8,256,11,2.199,8590.7,1:512:16:0:25:0:0:0:1:8:8,2:256:32:1:64:0:0:0:1:23:23,2:128:64:1:128:0:0:0:1:54:54,2:64:128:1:256:0:0:0:1:117:117,2:32:256:1:512:0:0:0:1:244:244,2:16:512:1:1024:0:0:0:1:499:499,2:8:1024:1:2048:0:0:0:1:1010:1010,3:4:2048:1:4096:0:1:0:1:2033:2033,3:2:4096:1:8192:0:1:0:0:4080:4080,3:1:4096:1:8192:0:0:0:0:4096:4096
8192,8192,8,256,11,2.307,9011.4,1:512:16:0:25:0:0:0:1:8:8,2:256:32:1:64:0:0:0:1:23:23,2:128:64:1:128:0:0:0:1:54:54,2:64:128:1:256:0:0:0:1:117:117,2:32:256:1:512:0:0:0:1:244:244,2:16:512:1:1024:0:0:0:1:499:499,2:8:1024:1:2048:0:0:0:1:1010:1010,3:4:2048:1:4096:0:1:0:1:2033:2033,3:2:4096:1:8192:0:1:0:1:4080:4080,3:1:8192:1:16384:0:0:0:0:8175:8175
8192,819,16,256,10,1.793,7005.1,2:256:32:1:64:0:0:0:1:16:16,2:128:64:1:128:0:0:0:1:47:47,2:64:128:1:256:0:0:0:1:110:110,2:32:256:1:512:0:0:0:1:237:237,3:16:512:1:1296:0:1:55:0:492:492,2:8:840:1:2048:0:0:0:0:840:840,2:4:840:1:2048:0:0:0:0:840:840,2:2:840:1:2048:0:0:0:0:840:840,2:1:840:1:2048:0:0:0:0:840:840
8192,2048,16,256,10,1.868,7296.1,2:256:32:1:64:0:0:0:1:16:16,2:128:64:1:128:0:0:0:1:47:47,2:64:128:1:256:0:0:0:1:110:110,2:32:256:1:512:0:0:0:1:237:237,2:16:512:1:1024:0:0:0:1:492:492,2:8:1024:1:2048:0:0:0:1:1003:1003,3:4:2048:1:4096:0:1:0:0:2026:2026,3:2:2048:1:4096:0:1:0:0:2048:2048,3:1:2048:1:4096:0:0:0:0:2048:2048
8192,4096,16,256,10,2.034,7946.2,2:256:32:1:64:0:0:0:1:16:16,2:128:64:1:128:0:0:0:1:47:47,2:64:128:1:256:0:0:0:1:110:110,2:32:256:1:512:0:0:0:1:237:237,2:16:512:1:1024:0:0:0:1:492:492,2:8:1024:1:2048:0:0:0:1:1003:1003,3:4:2048:1:4096:0:1:0:1:2026:2026,3:2:4096:1:8192:0:1:0:0:4073:4073,3:1:4096:1:8192:0:0:0:0:4096:4096
8192,8192,16,256,10,2.148,8389.3,2:256:32:1:64:0:0:0:1:16:16,2:128:64:1:128:0:0:0:1:47:47,2:64:128:1:256:0:0:0:1:110:110,2:32:256:1:512:0:0:0:1:237:237,2:16:512:1:1024:0:0:0:1:492:492,2:8:1024:1:2048:0:0:0:1:1003:1003,3:4:2048:1:4096:0:1:0:1:2026:2026,3:2:4096:1:8192:0:1:0:1:4073:4073,3:1:8192:1:16384:0:0:0:0:8168:8168
8192,819,32,256,9,1.673,6533.4,2:128:64:1:128:0:0:0:1:32:32,2:64:128:1:256:0:0:0:1:95:95,2:32:256:1:512:0:0:0:1:222:222,3:16:512:1:1296:0:1:55:0:477:477,2:8:840:1:2048:0:0:0:0:840:840,2:4:840:1:2048:0:0:0:0:840:840,2:2:840:1:2048:0:0:0:0:840:840,2:1:840:1:2048:0:0:0:0:840:840
8192,2048,32,256,9,1.741,6799.9,2:128:64:1:128:0:0:0:1:32:32,2:64:128:1:256:0:0:0:1:95:95,2:32:256:1:512:0:0:0:1:222:222,2:16:512:1:1024:0:0:0:1:477:477,2:8:1024:1:2048:0:0:0:1:988:988,3:4:2048:1:4096:0:1:0:0:2011:2011,3:2:2048:1:4096:0:1:0:0:2048:2048,3:1:2048:1:4096:0:0:0:0:2048:2048
8192,4096,32,256,9,1.922,7509.3,2:128:64:1:128:0:0:0:1:32:32,2:64:128:1:256:0:0:0:1:95:95,2:32:256:1:512:0:0:0:1:222:222,2:16:512:1:1024:0:0:0:1:477:477,2:8:1024:1:2048:0:0:0:1:988:988,3:4:2048:1:4096:0:1:0:1:2011:2011,3:2:4096:1:8192:0:1:0:0:4058:4058,3:1:4096:1:8192:0:0:0:0:4096:4096
8192,8192,32,256,9,2.021,7895.7,2:128:64:1:128:0:0:0:1:32:32,2:64:128:1:256:0:0:0:1:95:95,2:32:256:1:512:0:0:0:1:222:222,2:16:512:1:1024:0:0:0:1:477:477,2:8:1024:1:2048:0:0:0:1:988:988,3:4:2048:1:4096:0:1:0:1:2011:2011,3:2:4096:1:8192:0:1:0:1:4058:4058,3:1:8192:1:16384:0:0:0:0:8153:8153
8192,819,64,256,8,1.585,6192.5,2:64:128:1:256:0:0:0:1:64:64,2:32:256:1:512:0:0:0:1:191:191,3:16:512:1:1296:0:1:55:0:446:446,2:8:840:1:2048:0:0:0:0:840:840,2:4:840:1:2048:0:0:0:0:840:840,2:2:840:1:2048:0:0:0:0:840:840,2:1:840:1:2048:0:0:0:0:840:840
8192,2048,64,256,8,1.650,6444.1,2:64:128:1:256:0:0:0:1:64:64,2:32:256:1:512:0:0:0:1:191:191,2:16:512:1:1024:0:0:0:1:446:446,2:8:1024:1:2048:0:0:0:1:957:957,3:4:2048:1:4096:0:1:0:0:1980:1980,3:2:2048:1:4096:0:1:0:0:2048:2048,3:1:2048:1:4096:0:0:0:0:2048:2048
8192,4096,64,256,8,1.821,7113.2,2:64:128:1:256:0:0:0:1:64:64,2:32:256:1:512:0:0:0:1:191:191,2:16:512:1:1024:0:0:0:1:446:446,2:8:1024:1:2048:0:0:0:1:957:957,3:4:2048:1:4096:0:1:0:1:1980:1980,3:2:4096:1:8192:0:1:0:0:4027:4027,3:1:4096:1:8192:0:0:0:0:4096:4096
8192,8192,64,256,8,1.935,7560.0,2:64:128:1:256:0:0:0:1:64:64,2:32:256:1:512:0:0:0:1:191:191,2:16:512:1:1024:0:0:0:1:446:446,2:8:1024:1:2048:0:0:0:1:957:957,3:4:2048:1:4096:0:1:0:1:1980:1980,3:2:4096:1:8192:0:1:0:1:4027:4027,3:1:8192:1:16384:0:0:0:0:8122:8122
8192,819,128,256,7,1.661,6489.0,2:32:256:1:512:0:0:0:1:128:128,3:16:512:1:1296:0:1:55:0:383:383,2:8:840:1:2048:0:0:0:0:840:840,2:4:840:1:2048:0:0:0:0:840:840,2:2:840:1:2048:0:0:0:0:840:840,2:1:840:1:2048:0:0:0:0:840:840
8192,2048,128,256,7,1.735,6776.0,2:32:256:1:512:0:0:0:1:128:128,2:16:512:1:1024:0:0:0:1:383:383,2:8:1024:1:2048:0:0:0:1:894:894,3:4:2048:1:4096:0:1:0:0:1917:1917,3:2:2048:1:4096:0:1:0:0:2048:2048,3:1:2048:1:4096:0:0:0:0:2048:2048
8192,4096,128,256,7,1.906,7444.1,2:32:256:1:512:0:0:0:1:128:128,2:16:512:1:1024:0:0:0:1:383:383,2:8:1024:1:2048:0:0:0:1:894:894,3:4:2048:1:4096:0:1:0:1:1917:1917,3:2:4096:1:8192:0:1:0:0:3964:3964,3:1:4096:1:8192:0:0:0:0:4096:4096
8192,8192,128,256,7,2.018,7883.1,2:32:256:1:512:0:0:0:1:128:128,2:16:512:1:1024:0:0:0:1:383:383,2:8:1024:1:2048:0:0:0:1:894:894,3:4:2048:1:4096:0:1:0:1:1917:1917,3:2:4096:1:8192:0:1:0:1:3964:3964,3:1:8192:1:16384:0:0:0:0:8059:8059
8192,819,256,256,6,2.011,7854.1,3:16:512:1:1296:0:1:0:0:256:256,2:8:840:1:2048:0:0:0:0:767:767,2:4:840:1:2048:0:0:0:0:840:840,2:2:840:1:2048:0:0:0:0:840:840,2:1:840:1:2048:0:0:0:0:840:840
8192,2048,256,256,6,2.084,8141.2,2:16:512:1:1024:0:0:0:1:256:256,2:8:1024:1:2048:0:0:0:1:767:767,3:4:2048:1:4096:0:1:0:0:1790:1790,3:2:2048:1:4096:0:1:0:0:2048:2048,3:1:2048:1:4096:0:0:0:0:2048:2048
8192,4096,256,256,6,2.258,8819.8,2:16:512:1:1024:0:0:0:1:256:256,2:8:1024:1:2048:0:0:0:1:767:767,3:4:2048:1:4096:0:1:0:1:1790:1790,3:2:4096:1:8192:0:1:0:0:3837:3837,3:1:4096:1:8192:0:0:0:0:4096:4096
8192,8192,256,256,6,2.361,9222.1,2:16:512:1:1024:0:0:0:1:256:256,2:8:1024:1:2048:0:0:0:1:767:767,3:4:2048:1:4096:0:1:0:1:1790:1790,3:2:4096:1:8192:0:1:0:1:3837:3837,3:1:8192:1:16384:0:0:0:0:7932:7932
8192,819,512,256,5,2.413,9426.9,2:8:840:1:2048:0:0:0:0:512:512,2:4:840:1:2048:0:0:0:0:840:840,2:2:840:1:2048:0:0:0:0:840:840,2:1:840:1:2048:0:0:0:0:840:840
8192,2048,512,256,5,2.600,10157.3,2:8:1024:1:2048:0:0:0:1:512:512,3:4:2048:1:4096:0:1:0:0:1535:1535,3:2:2048:1:4096:0:1:0:0:2048:2048,3:1:2048:1:4096:0:0:0:0:2048:2048
8192,4096,512,256,5,2.766,10804.5,2:8:1024:1:2048:0:0:0:1:512:512,3:4:2048:1:4096:0:1:0:1:1535:1535,3:2:4096:1:8192:0:1:0:0:3582:3582,3:1:4096:1:8192:0:0:0:0:4096:4096
8192,8192,512,256,5,2.884,11264.1,2:8:1024:1:2048:0:0:0:1:512:512,3:4:2048:1:4096:0:1:0:1:1535:1535,3:2:4096:1:8192:0:1:0:1:3582:3582,3:1:8192:1:16384:0:0:0:0:7677:7677
8192,2048,1024,256,4,3.745,14630.3,3:4:2048:1:4096:0:1:0:0:1024:1024,3:2:2048:1:4096:0:1:0:0:2048:2048,3:1:2048:1:4096:0:0:0:0:2048:2048
8192,4096,1024,256,4,3.918,15303.9,3:4:2048:1:4096:0:1:0:1:1024:1024,3:2:4096:1:8192:0:1:0:0:3071:3071,3:1:4096:1:8192:0:0:0:0:4096:4096
8192,8192,1024,256,4,4.039,15778.6,3:4:2048:1:4096:0:1:0:1:1024:1024,3:2:4096:1:7200:0:1:0:1:3071:3071,3:1:8192:1:16384:0:0:0:0:7166:7166
16384,1638,8,256,12,4.223,16495.1,1:1024:16:0:25:0:0:0:1:8:8,2:512:32:1:64:0:0:0:1:23:23,2:256:64:1:128:0:0:0:1:54:54,2:128:128:1:256:0:0:0:1:117:117,2:64:256:1:512:0:0:0:1:244:244,2:32:512:1:1024:0:0:0:1:499:499,3:16:1024:1:4096:0:1:0:0:1010:1010,3:8:1680:1:4096:0:1:0:0:1680:1680,3:4:1680:1:4096:0:1:0:0:1680:1680,3:2:1680:1:4096:0:1:0:0:1680:1680,3:1:1680:1:4096:0:0:0:0:1680:1680
16384,4096,8,256,12,4.424,17282.9,1:1024:16:0:25:0:0:0:1:8:8,2:512:32:1:64:0:0:0:1:23:23,2:256:64:1:128:0:0:0:1:54:54,2:128:128:1:256:0:0:0:1:117:117,2:64:256:1:512:0:0:0:1:244:244,2:32:512:1:1024:0:0:0:1:499:499,2:16:1024:1:2048:0:0:0:1:1010:1010,3:8:2048:1:4096:0:1:0:1:2033:2033,3:4:4096:1:8192:0:1:0:0:4080:4080,3:2:4096:1:8192:0:1:0:0:4096:4096,3:1:4096:1:8192:0:0:0:0:4096:4096
16384,8192,8,256,12,4.847,18935.2,1:1024:16:0:25:0:0:0:1:8:8,2:512:32:1:64:0:0:0:1:23:23,2:256:64:1:128:0:0:0:1:54:54,2:128:128:1:256:0:0:0:1:117:117,2:64:256:1:512:0:0:0:1:244:244,2:32:512:1:1024:0:0:0:1:499:499,2:16:1024:1:2048:0:0:0:1:1010:1010,3:8:2048:1:4096:0:1:0:1:2033:2033,3:4:4096:1:8192:0:1:0:1:4080:4080,3:2:8192:1:16384:0:1:0:0:8175:8175,3:1:8192:1:16384:0:0:0:0:8192:8192
16384,16384,8,256,12,5.149,20112.7,1:1024:16:0:25:0:0:0:1:8:8,2:512:32:1:64:0:0:0:1:23:23,2:256:64:1:128:0:0:0:1:54:54,2:128:128:1:256:0:0:0:1:117:117,2:64:256:1:512:0:0:0:1:244:244,2:32:512:1:1024:0:0:0:1:499:499,2:16:1024:1:2048:0:0:0:1:1010:1010,3:8:2048:1:4096:0:1:0:1:2033:2033,3:4:4096:1:8192:0:1:0:1:4080:4080,3:2:8192:1:16384:0:1:0:1:8175:8175,3:1:16384:1:32768:0:0:0:0:16366:16366
16384,1638,16,256,11,3.912,15279.4,2:512:32:1:64:0:0:0:1:16:16,2:256:64:1:128:0:0:0:1:47:47,2:128:128:1:256:0:0:0:1:110:110,2:64:256:1:512:0:0:0:1:237:237,2:32:512:1:1024:0:0:0:1:492:492,3:16:1024:1:4096:0:1:0:0:1003:1003,3:8:1680:1:4096:0:1:0:0:1680:1680,3:4:1680:1:4096:0:1:0:0:1680:1680,3:2:1680:1:4096:0:1:0:0:1680:1680,3:1:1680:1:4096:0:0:0:0:1680:1680
16384,4096,16,256,11,4.110,16054.3,2:512:32:1:64:0:0:0:1:16:16,2:256:64:1:128:0:0:0:1:47:47,2:128:128:1:256:0:0:0:1:110:110,2:64:256:1:512:0:0:0:1:237:237,2:32:512:1:1024:0:0:0:1:492:492,2:16:1024:1:2048:0:0:0:1:1003:1003,3:8:2048:1:4096:0:1:0:1:2026:2026,3:4:4096:1:8192:0:1:0:0:4073:4073,3:2:4096:1:8192:0:1:0:0:4096:4096,3:1:4096:1:8192:0:0:0:0:4096:4096
16384,8192,16,256,11,4.512,17623.8,2:512:32:1:64:0:0:0:1:16:16,2:256:64:1:128:0:0:0:1:47:47,2:128:128:1:256:0:0:0:1:110:110,2:64:256:1:512:0:0:0:1:237:237,2:32:512:1:1024:0:0:0:1:492:492,2:16:1024:1:2048:0:0:0:1:1003:1003,3:8:2048:1:4096:0:1:0:1:2026:2026,3:4:4096:1:8192:0:1:0:1:4073:4073,3:2:8192:1:16384:0:1:0:0:8168:8168,3:1:8192:1:16384:0:0:0:0:8192:8192
16384,16384,16,256,11,4.825,18847.6,2:512:32:1:64:0:0:0:1:16:16,2:256:64:1:128:0:0:0:1:47:47,2:128:128:1:256:0:0:0:1:110:110,2:64:256:1:512:0:0:0:1:237:237,2:32:512:1:1024:0:0:0:1:492:492,2:16:1024:1:2048:0:0:0:1:1003:1003,3:8:2048:1:4096:0:1:0:1:2026:2026,3:4:4096:1:8192:0:1:0:1:4073:4073,3:2:8192:1:16384:0:1:0:1:8168:8168,3:1:16384:1:32768:0:0:0:0:16359:16359
16384,1638,32,256,10,3.661,14300.2,2:256:64:1:128:0:0:0:1:32:32,2:128:128:1:256:0:0:0:1:95:95,2:64:256:1:512:0:0:0:1:222:222,2:32:512:1:1024:0:0:0:1:477:477,3:16:1024:1:4096:0:1:0:0:988:988,3:8:1680:1:4096:0:1:0:0:1680:1680,3:4:1680:1:4096:0:1:0:0:1680:1680,3:2:1680:1:4096:0:1:0:0:1680:1680,3:1:1680:1:4096:0:0:0:0:1680:1680
16384,4096,32,256,10,3.857,15065.5,2:256:64:1:128:0:0:0:1:32:32,2:128:128:1:256:0:0:0:1:95:95,2:64:256:1:512:0:0:0:1:222:222,2:32:512:1:1024:0:0:0:1:477:477,2:16:1024:1:2048:0:0:0:1:988:988,3:8:2048:1:4096:0:1:0:1:2011:2011,3:4:4096:1:8192:0:1:0:0:4058:4058,3:2:4096:1:8192:0:1:0:0:4096:4096,3:1:4096:1:8192:0:0:0:0:4096:4096
16384,8192,32,256,10,4.264,16656.8,2:256:64:1:128:0:0:0:1:32:32,2:128:128:1:256:0:0:0:1:95:95,2:64:256:1:512:0:0:0:1:222:222,2:32:512:1:1024:0:0:0:1:477:477,2:16:1024:1:2048:0:0:0:1:988:988,3:8:2048:1:4096:0:1:0:1:2011:2011,3:4:4096:1:8192:0:1:0:1:4058:4058,3:2:8192:1:16384:0:1:0:0:8153:8153,3:1:8192:1:16384:0:0:0:0:8192:8192
16384,16384,32,256,10,4.582,17896.7,2:256:64:1:128:0:0:0:1:32:32,2:128:128:1:256:0:0:0:1:95:95,2:64:256:1:512:0:0:0:1:222:222,2:32:512:1:1024:0:0:0:1:477:477,2:16:1024:1:2048:0:0:0:1:988:988,3:8:2048:1:4096:0:1:0:1:2011:2011,3:4:4096:1:8192:0:1:0:1:4058:4058,3:2:8192:1:16384:0:1:0:1:8153:8153,3:1:16384:1:32768:0:0:0:0:16344:16344
16384,1638,64,256,9,3.495,13653.1,2:128:128:1:256:0:0:0:1:64:64,2:64:256:1:512:0:0:0:1:191:191,2:32:512:1:1024:0:0:0:1:446:446,3:16:1024:1:4096:0:1:0:0:957:957,3:8:1680:1:4096:0:1:0:0:1680:1680,3:4:1680:1:4096:0:1:0:0:1680:1680,3:2:1680:1:4096:0:1:0:0:1680:1680,3:1:1680:1:4096:0:0:0:0:1680:1680
16384,4096,64,256,9,3.700,14452.8,2:128:128:1:256:0:0:0:1:64:64,2:64:256:1:512:0:0:0:1:191:191,2:32:512:1:1024:0:0:0:1:446:446,2:16:1024:1:2048:0:0:0:1:957:957,3:8:2048:1:4096:0:1:0:1:1980:1980,3:4:4096:1:8192:0:1:0:0:4027:4027,3:2:4096:1:8192:0:1:0:0:4096:4096,3:1:4096:1:8192:0:0:0:0:4096:4096
16384,8192,64,256,9,4.106,16040.6,2:128:128:1:256:0:0:0:1:64:64,2:64:256:1:512:0:0:0:1:191:191,2:32:512:1:1024:0:0:0:1:446:446,2:16:1024:1:2048:0:0:0:1:957:957,3:8:2048:1:4096:0:1:0:1:1980:1980,3:4:4096:1:8192:0:1:0:1:4027:4027,3:2:8192:1:16384:0:1:0:0:8122:8122,3:1:8192:1:16384:0:0:0:0:8192:8192
16384,16384,64,256,9,4.407,17216.4,2:128:128:1:256:0:0:0:1:64:64,2:64:256:1:512:0:0:0:1:191:191,2:32:512:1:1024:0:0:0:1:446:446,2:16:1024:1:2048:0:0:0:1:957:957,3:8:2048:1:4096:0:1:0:1:1980:1980,3:4:4096:1:8192:0:1:0:1:4027:4027,3:2:8192:1:16384:0:1:0:1:8122:8122,3:1:16384:1:32768:0:0:0:0:16313:16313
16384,1638,128,256,8,3.663,14309.9,2:64:256:1:512:0:0:0:1:128:128,2:32:512:1:1024:0:0:0:1:383:383,3:16:1024:1:4096:0:1:0:0:894:894,3:8:1680:1:4096:0:1:0:0:1680:1680,3:4:1680:1:4096:0:1:0:0:1680:1680,3:2:1680:1:4096:0:1:0:0:1680:1680,3:1:1680:1:4096:0:0:0:0:1680:1680
16384,4096,128,256,8,3.860,15078.2,2:64:256:1:512:0:0:0:1:128:128,2:32:512:1:1024:0:0:0:1:383:383,2:16:1024:1:2048:0:0:0:1:894:894,3:8:2048:1:4096:0:1:0:1:1917:1917,3:4:4096:1:8192:0:1:0:0:3964:3964,3:2:4096:1:8192:0:1:0:0:4096:4096,3:1:4096:1:8192:0:0:0:0:4096:4096
16384,8192,128,256,8,4.272,16686.6,2:64:256:1:512:0:0:0:1:128:128,2:32:512:1:1024:0:0:0:1:383:383,2:16:1024:1:2048:0:0:0:1:894:894,3:8:2048:1:4096:0:1:0:1:1917:1917,3:4:4096:1:8192:0:1:0:1:3964:3964,3:2:8192:1:16384:0:1:0:0:8059:8059,3:1:8192:1:16384:0:0:0:0:8192:8192
16384,16384,128,256,8,4.587,17918.3,2:64:256:1:512:0:0:0:1:128:128,2:32:512:1:1024:0:0:0:1:383:383,2:16:1024:1:2048:0:0:0:1:894:894,3:8:2048:1:4096:0:1:0:1:1917:1917,3:4:4096:1:8192:0:1:0:1:3964:3964,3:2:8192:1:16384:0:1:0:1:8059:8059,3:1:16384:1:32768:0:0:0:0:16250:16250
16384,1638,256,256,7,4.375,17091.6,2:32:512:1:1024:0:0:0:1:256:256,3:16:1024:1:4096:0:1:0:0:767:767,3:8:1680:1:4096:0:1:0:0:1680:1680,3:4:1680:1:4096:0:1:0:0:1680:1680,3:2:1680:1:4096:0:1:0:0:1680:1680,3:1:1680:1:4096:0:0:0:0:1680:1680
16384,4096,256,256,7,4.573,17864.0,2:32:512:1:1024:0:0:0:1:256:256,2:16:1024:1:2048:0:0:0:1:767:767,3:8:2048:1:4096:0:1:0:1:1790:1790,3:4:4096:1:8192:0:1:0:0:3837:3837,3:2:4096:1:8192:0:1:0:0:4096:4096,3:1:4096:1:8192:0:0:0:0:4096:4096
16384,8192,256,256,7,4.976,19439.4,2:32:512:1:1024:0:0:0:1:256:256,2:16:1024:1:2048:0:0:0:1:767:767,3:8:2048:1:4096:0:1:0:1:1790:1790,3:4:4096:1:8192:0:1:0:1:3837:3837,3:2:8192:1:16384:0:1:0:0:7932:7932,3:1:8192:1:16384:0:0:0:0:8192:8192
16384,16384,256,256,7,5.284,20641.4,2:32:512:1:1024:0:0:0:1:256:256,2:16:1024:1:2048:0:0:0:1:767:767,3:8:2048:1:4096:0:1:0:1:1790:1790,3:4:4096:1:8192:0:1:0:1:3837:3837,3:2:8192:1:16384:0:1:0:1:7932:7932,3:1:16384:1:32768:0:0:0:0:16123:16123
16384,1638,512,256,6,5.484,21421.9,3:16:1024:1:4096:0:1:0:0:512:512,3:8:1680:1:4096:0:1:0:0:1535:1535,3:4:1680:1:4096:0:1:0:0:1680:1680,3:2:1680:1:4096:0:1:0:0:1680:1680,3:1:1680:1:4096:0:0:0:0:1680:1680
16384,4096,512,256,6,5.654,22085.4,2:16:1024:1:2048:0:0:0:1:512:512,3:8:2048:1:4096:0:1:0:1:1535:1535,3:4:4096:1:8192:0:1:0:0:3582:3582,3:2:4096:1:8192:0:1:0:0:4096:4096,3:1:4096:1:8192:0:0:0:0:4096:4096
16384,8192,512,256,6,6.069,23707.4,2:16:1024:1:2048:0:0:0:1:512:512,3:8:2048:1:4096:0:1:0:1:1535:1535,3:4:4096:1:8192:0:1:0:1:3582:3582,3:2:8192:1:16384:0:1:0:0:7677:7677,3:1:8192:1:16384:0:0:0:0:8192:8192
16384,16384,512,256,6,6.381,24924.3,2:16:1024:1:2048:0:0:0:1:512:512,3:8:2048:1:4096:0:1:0:1:1535:1535,3:4:4096:1:8192:0:1:0:1:3582:3582,3:2:8192:1:16384:0:1:0:1:7677:7677,3:1:16384:1:32768:0:0:0:0:15868:15868
16384,1638,1024,256,5,7.589,29643.2,3:8:1680:1:4096:0:1:0:0:1024:1024,3:4:1680:1:4096:0:1:0:0:1680:1680,3:2:1680:1:4096:0:1:0:0:1680:1680,3:1:1680:1:4096:0:0:0:0:1680:1680
16384,4096,1024,256,5,8.058,31476.3,3:8:2048:1:4096:0:1:0:1:1024:1024,3:4:4096:1:8192:0:1:0:0:3071:3071,3:2:4096:1:8192:0:1:0:0:4096:4096,3:1:4096:1:8192:0:0:0:0:4096:4096
16384,8192,1024,256,5,8.526,33304.7,3:8:2048:1:4096:0:1:0:1:1024:1024,3:4:4096:1:7200:0:1:0:1:3071:3071,3:2:8192:1:16384:0:1:0:0:7166:7166,3:1:8192:1:16384:0:0:0:0:8192:8192
16384,16384,1024,256,5,8.833,34505.0,3:8:2048:1:4096:0:1:0:1:1024:1024,3:4:4096:1:7200:0:1:0:1:3071:3071,3:2:8192:1:16384:0:1:0:1:7166:7166,3:1:16384:1:32768:0:0:0:0:15357:15357
32768,3276,8,256,13,8.922,34850.6,1:2048:16:0:25:0:0:0:1:8:8,2:1024:32:1:64:0:0:0:1:23:23,2:512:64:1:128:0:0:0:1:54:54,2:256:128:1:256:0:0:0:1:117:117,2:128:256:1:512:0:0:0:1:244:244,2:64:512:1:1024:0:0:0:1:499:499,2:32:1024:1:2048:0:0:0:1:1010:1010,3:16:2048:1:5292:0:1:115:0:2033:2033,3:8:3360:1:6750:0:1:0:0:3360:3360,3:4:3360:1:6750:0:1:0:0:3360:3360,3:2:3360:1:6750:0:1:0:0:3360:3360,3:1:3360:1:6750:0:0:0:0:3360:3360
32768,8192,8,256,13,9.648,37686.9,1:2048:16:0:25:0:0:0:1:8:8,2:1024:32:1:64:0:0:0:1:23:23,2:512:64:1:128:0:0:0:1:54:54,2:256:128:1:256:0:0:0:1:117:117,2:128:256:1:512:0:0:0:1:244:244,2:64:512:1:1024:0:0:0:1:499:499,2:32:1024:1:2048:0:0:0:1:1010:1010,3:16:2048:1:4096:0:1:0:1:2033:2033,3:8:4096:1:8192:0:1:0:1:4080:4080,3:4:8192:1:16384:0:1:0:0:8175:8175,3:2:8192:1:16384:0:1:0:0:8192:8192,3:1:8192:1:16384:0:0:0:0:8192:8192
32768,16384,8,256,13,10.672,41689.0,1:2048:16:0:25:0:0:0:1:8:8,2:1024:32:1:64:0:0:0:1:23:23,2:512:64:1:128:0:0:0:1:54:54,2:256:128:1:256:0:0:0:1:117:117,2:128:256:1:512:0:0:0:1:244:244,2:64:512:1:1024:0:0:0:1:499:499,2:32:1024:1:2048:0:0:0:1:1010:1010,3:16:2048:1:4096:0:1:0:1:2033:2033,3:8:4096:1:8192:0:1:0:1:4080:4080,3:4:8192:1:16384:0:1:0:1:8175:8175,3:2:16384:1:32768:0:1:0:0:16366:16366,3:1:16384:1:32768:0:0:0:0:16384:16384
32768,32768,8,256,13,11.043,43135.9,1:2048:16:0:25:0:0:0:1:8:8,2:1024:32:1:64:0:0:0:1:23:23,2:512:64:1:128:0:0:0:1:54:54,2:256:128:1:256:0:0:0:1:117:117,2:128:256:1:512:0:0:0:1:244:244,2:64:512:1:1024:0:0:0:1:499:499,2:32:1024:1:2048:0:0:0:1:1010:1010,3:16:2048:1:4096:0:1:0:1:2033:2033,3:8:4096:1:8192:0:1:0:1:4080:4080,3:4:8192:1:16384:0:1:0:1:8175:8175,3:2:16384:1:32768:0:1:0:1:16366:16366,3:1:32768:1:65536:0:0:0:0:32749:32749
32768,3276,16,256,12,8.281,32346.5,2:1024:32:1:64:0:0:0:1:16:16,2:512:64:1:128:0:0:0:1:47:47,2:256:128:1:256:0:0:0:1:110:110,2:128:256:1:512:0:0:0:1:237:237,2:64:512:1:1024:0:0:0:1:492:492,2:32:1024:1:2048:0:0:0:1:1003:1003,3:16:2048:1:5292:0:1:115:0:2026:2026,3:8:3360:1:6750:0:1:0:0:3360:3360,3:4:3360:1:6750:0:1:0:0:3360:3360,3:2:3360:1:6750:0:1:0:0:3360:3360,3:1:3360:1:6750:0:0:0:0:3360:3360
32768,8192,16,256,12,9.019,35230.5,2:1024:32:1:64:0:0:0:1:16:16,2:512:64:1:128:0:0:0:1:47:47,2:256:128:1:256:0:0:0:1:110:110,2:128:256:1:512:0:0:0:1:237:237,2:64:512:1:1024:0:0:0:1:492:492,2:32:1024:1:2048:0:0:0:1:1003:1003,3:16:2048:1:4096:0:1:0:1:2026:2026,3:8:4096:1:8192:0:1:0:1:4073:4073,3:4:8192:1:16384:0:1:0:0:8168:8168,3:2:8192:1:16384:0:1:0:0:8192:8192,3:1:8192:1:16384:0:0:0:0:8192:8192
32768,16384,16,256,12,10.037,39208.6,2:1024:32:1:64:0:0:0:1:16:16,2:512:64:1:128:0:0:0:1:47:47,2:256:128:1:256:0:0:0:1:110:110,2:128:256:1:512:0:0:0:1:237:237,2:64:512:1:1024:0:0:0:1:492:492,2:32:1024:1:2048:0:0:0:1:1003:1003,3:16:2048:1:4096:0:1:0:1:2026:2026,3:8:4096:1:8192:0:1:0:1:4073:4073,3:4:8192:1:16384:0:1:0:1:8168:8168,3:2:16384:1:32768:0:1:0:0:16359:16359,3:1:16384:1:32768:0:0:0:0:16384:16384
32768,32768,16,256,12,10.403,40635.7,2:1024:32:1:64:0:0:0:1:16:16,2:512:64:1:128:0:0:0:1:47:47,2:256:128:1:256:0:0:0:1:110:110,2:128:256:1:512:0:0:0:1:237:237,2:64:512:1:1024:0:0:0:1:492:492,2:32:1024:1:2048:0:0:0:1:1003:1003,3:16:2048:1:4096:0:1:0:1:2026:2026,3:8:4096:1:8192:0:1:0:1:4073:4073,3:4:8192:1:16384:0:1:0:1:8168:8168,3:2:16384:1:32768:0:1:0:1:16359:16359,3:1:32768:1:65536:0:0:0:0:32742:32742
32768,3276,32,256,11,7.787,30416.1,2:512:64:1:128:0:0:0:1:32:32,2:256:128:1:256:0:0:0:1:95:95,2:128:256:1:512:0:0:0:1:222:222,2:64:512:1:1024:0:0:0:1:477:477,2:32:1024:1:2048:0:0:0:1:988:988,3:16:2048:1:5292:0:1:115:0:2011:2011,3:8:3360:1:6750:0:1:0:0:3360:3360,3:4:3360:1:6750:0:1:0:0:3360:3360,3:2:3360:1:6750:0:1:0:0:3360:3360,3:1:3360:1:6750:0:0:0:0:3360:3360
32768,8192,32,256,11,8.501,33207.2,2:512:64:1:128:0:0:0:1:32:32,2:256:128:1:256:0:0:0:1:95:95,2:128:256:1:512:0:0:0:1:222:222,2:64:512:1:1024:0:0:0:1:477:477,2:32:1024:1:2048:0:0:0:1:988:988,3:16:2048:1:4096:0:1:0:1:2011:2011,3:8:4096:1:8192:0:1:0:1:4058:4058,3:4:8192:1:16384:0:1:0:0:8153:8153,3:2:8192:1:16384:0:1:0:0:8192:8192,3:1:8192:1:16384:0:0:0:0:8192:8192
32768,16384,32,256,11,9.540,37264.4,2:512:64:1:128:0:0:0:1:32:32,2:256:128:1:256:0:0:0:1:95:95,2:128:256:1:512:0:0:0:1:222:222,2:64:512:1:1024:0:0:0:1:477:477,2:32:1024:1:2048:0:0:0:1:988:988,3:16:2048:1:4096:0:1:0:1:2011:2011,3:8:4096:1:8192:0:1:0:1:4058:4058,3:4:8192:1:16384:0:1:0:1:8153:8153,3:2:16384:1:32768:0:1:0:0:16344:16344,3:1:16384:1:32768:0:0:0:0:16384:16384
32768,32768,32,256,11,9.902,38678.1,2:512:64:1:128:0:0:0:1:32:32,2:256:128:1:256:0:0:0:1:95:95,2:128:256:1:512:0:0:0:1:222:222,2:64:512:1:1024:0:0:0:1:477:477,2:32:1024:1:2048:0:0:0:1:988:988,3:16:2048:1:4096:0:1:0:1:2011:2011,3:8:4096:1:8192:0:1:0:1:4058:4058,3:4:8192:1:16384:0:1:0:1:8153:8153,3:2:16384:1:32768:0:1:0:1:16344:16344,3:1:32768:1:65536:0:0:0:0:32727:32727
32768,3276,64,256,10,7.469,29176.0,2:256:128:1:256:0:0:0:1:64:64,2:128:256:1:512:0:0:0:1:191:191,2:64:512:1:1024:0:0:0:1:446:446,2:32:1024:1:2048:0:0:0:1:957:957,3:16:2048:1:5292:0:1:115:0:1980:1980,3:8:3360:1:6750:0:1:0:0:3360:3360,3:4:3360:1:6750:0:1:0:0:3360:3360,3:2:3360:1:6750:0:1:0:0:3360:3360,3:1:3360:1:6750:0:0:0:0:3360:3360
32768,8192,64,256,10,8.202,32039.7,2:256:128:1:256:0:0:0:1:64:64,2:128:256:1:512:0:0:0:1:191:191,2:64:512:1:1024:0:0:0:1:446:446,2:32:1024:1:2048:0:0:0:1:957:957,3:16:2048:1:4096:0:1:0:1:1980:1980,3:8:4096:1:8192:0:1:0:1:4027:4027,3:4:8192:1:16384:0:1:0:0:8122:8122,3:2:8192:1:16384:0:1:0:0:8192:8192,3:1:8192:1:16384:0:0:0:0:8192:8192
32768,16384,64,256,10,9.242,36101.9,2:256:128:1:256:0:0:0:1:64:64,2:128:256:1:512:0:0:0:1:191:191,2:64:512:1:1024:0:0:0:1:446:446,2:32:1024:1:2048:0:0:0:1:957:957,3:16:2048:1:4096:0:1:0:1:1980:1980,3:8:4096:1:8192:0:1:0:1:4027:4027,3:4:8192:1:16384:0:1:0:1:8122:8122,3:2:16384:1:32768:0:1:0:0:16313:16313,3:1:16384:1:32768:0:0:0:0:16384:16384
32768,32768,64,256,10,9.597,37488.5,2:256:128:1:256:0:0:0:1:64:64,2:128:256:1:512:0:0:0:1:191:191,2:64:512:1:1024:0:0:0:1:446:446,2:32:1024:1:2048:0:0:0:1:957:957,3:16:2048:1:4096:0:1:0:1:1980:1980,3:8:4096:1:8192:0:1:0:1:4027:4027,3:4:8192:1:16384:0:1:0:1:8122:8122,3:2:16384:1:32768:0:1:0:1:16313:16313,3:1:32768:1:65536:0:0:0:0:32696:32696
32768,3276,128,256,9,7.825,30565.6,2:128:256:1:512:0:0:0:1:128:128,2:64:512:1:1024:0:0:0:1:383:383,2:32:1024:1:2048:0:0:0:1:894:894,3:16:2048:1:5292:0:1:115:0:1917:1917,3:8:3360:1:6750:0:1:0:0:3360:3360,3:4:3360:1:6750:0:1:0:0:3360:3360,3:2:3360:1:6750:0:1:0:0:3360:3360,3:1:3360:1:6750:0:0:0:0:3360:3360
32768,8192,128,256,9,8.545,33378.1,2:128:256:1:512:0:0:0:1:128:128,2:64:512:1:1024:0:0:0:1:383:383,2:32:1024:1:2048:0:0:0:1:894:894,3:16:2048:1:4096:0:1:0:1:1917:1917,3:8:4096:1:8192:0:1:0:1:3964:3964,3:4:8192:1:16384:0:1:0:0:8059:8059,3:2:8192:1:16384:0:1:0:0:8192:8192,3:1:8192:1:16384:0:0:0:0:8192:8192
32768,16384,128,256,9,9.583,37434.3,2:128:256:1:512:0:0:0:1:128:128,2:64:512:1:1024:0:0:0:1:383:383,2:32:1024:1:2048:0:0:0:1:894:894,3:16:2048:1:4096:0:1:0:1:1917:1917,3:8:4096:1:8192:0:1:0:1:3964:3964,3:4:8192:1:16384:0:1:0:1:8059:8059,3:2:16384:1:32768:0:1:0:0:16250:16250,3:1:16384:1:32768:0:0:0:0:16384:16384
32768,32768,128,256,9,9.930,38788.6,2:128:256:1:512:0:0:0:1:128:128,2:64:512:1:1024:0:0:0:1:383:383,2:32:1024:1:2048:0:0:0:1:894:894,3:16:2048:1:4096:0:1:0:1:1917:1917,3:8:4096:1:8192:0:1:0:1:3964:3964,3:4:8192:1:16384:0:1:0:1:8059:8059,3:2:16384:1:32768:0:1:0:1:16250:16250,3:1:32768:1:65536:0:0:0:0:32633:32633
32768,3276,256,256,8,9.258,36164.6,2:64:512:1:1024:0:0:0:1:256:256,2:32:1024:1:2048:0:0:0:1:767:767,3:16:2048:1:5292:0:1:115:0:1790:1790,3:8:3360:1:6750:0:1:0:0:3360:3360,3:4:3360:1:6750:0:1:0:0:3360:3360,3:2:3360:1:6750:0:1:0:0:3360:3360,3:1:3360:1:6750:0:0:0:0:3360:3360
32768,8192,256,256,8,9.960,38907.1,2:64:512:1:1024:0:0:0:1:256:256,2:32:1024:1:2048:0:0:0:1:767:767,3:16:2048:1:4096:0:1:0:1:1790:1790,3:8:4096:1:8192:0:1:0:1:3837:3837,3:4:8192:1:16384:0:1:0:0:7932:7932,3:2:8192:1:16384:0:1:0:0:8192:8192,3:1:8192:1:16384:0:0:0:0:8192:8192
32768,16384,256,256,8,11.021,43050.1,2:64:512:1:1024:0:0:0:1:256:256,2:32:1024:1:2048:0:0:0:1:767:767,3:16:2048:1:4096:0:1:0:1:1790:1790,3:8:4096:1:8192:0:1:0:1:3837:3837,3:4:8192:1:16384:0:1:0:1:7932:7932,3:2:16384:1:32768:0:1:0:0:16123:16123,3:1:16384:1:32768:0:0:0:0:16384:16384
32768,32768,256,256,8,11.372,44420.4,2:64:512:1:1024:0:0:0:1:256:256,2:32:1024:1:2048:0:0:0:1:767:767,3:16:2048:1:4096:0:1:0:1:1790:1790,3:8:4096:1:8192:0:1:0:1:3837:3837,3:4:8192:1:16384:0:1:0:1:7932:7932,3:2:16384:1:32768:0:1:0:1:16123:16123,3:1:32768:1:65536:0:0:0:0:32506:32506
32768,3276,512,256,7,11.384,44468.8,2:32:1024:1:2048:0:0:0:1:512:512,3:16:2048:1:5292:0:1:115:0:1535:1535,3:8:3360:1:6750:0:1:0:0:3360:3360,3:4:3360:1:6750:0:1:0:0:3360:3360,3:2:3360:1:6750:0:1:0:0:3360:3360,3:1:3360:1:6750:0:0:0:0:3360:3360
32768,8192,512,256,7,12.095,47245.9,2:32:1024:1:2048:0:0:0:1:512:512,3:16:2048:1:4096:0:1:0:1:1535:1535,3:8:4096:1:8192:0:1:0:1:3582:3582,3:4:8192:1:16384:0:1:0:0:7677:7677,3:2:8192:1:16384:0:1:0:0:8192:8192,3:1:8192:1:16384:0:0:0:0:8192:8192
32768,16384,512,256,7,13.137,51316.6,2:32:1024:1:2048:0:0:0:1:512:512,3:16:2048:1:4096:0:1:0:1:1535:1535,3:8:4096:1:8192:0:1:0:1:3582:3582,3:4:8192:1:16384:0:1:0:1:7677:7677,3:2:16384:1:32768:0:1:0:0:15868:15868,3:1:16384:1:32768:0:0:0:0:16384:16384
32768,32768,512,256,7,13.503,52746.2,2:32:1024:1:2048:0:0:0:1:512:512,3:16:2048:1:4096:0:1:0:1:1535:1535,3:8:4096:1:8192:0:1:0:1:3582:3582,3:4:8192:1:16384:0:1:0:1:7677:7677,3:2:16384:1:32768:0:1:0:1:15868:15868,3:1:32768:1:65536:0:0:0:0:32251:32251
32768,3276,1024,256,6,16.029,62612.0,3:16:2048:1:5292:0:1:0:0:1024:1024,3:8:3360:1:6750:0:1:0:0:3071:3071,3:4:3360:1:6750:0:1:0:0:3360:3360,3:2:3360:1:6750:0:1:0:0:3360:3360,3:1:3360:1:6750:0:0:0:0:3360:3360
32768,8192,1024,256,6,16.869,65896.4,3:16:2048:1:4096:0:1:0:1:1024:1024,3:8:4096:1:7200:0:1:0:1:3071:3071,3:4:8192:1:16384:0:1:0:0:7166:7166,3:2:8192:1:16384:0:1:0:0:8192:8192,3:1:8192:1:16384:0:0:0:0:8192:8192
32768,16384,1024,256,6,17.906,69945.8,3:16:2048:1:4096:0:1:0:1:1024:1024,3:8:4096:1:7200:0:1:0:1:3071:3071,3:4:8192:1:16384:0:1:0:1:7166:7166,3:2:16384:1:32768:0:1:0:0:15357:15357,3:1:16384:1:32768:0:0:0:0:16384:16384
32768,32768,1024,256,6,18.260,71329.7,3:16:2048:1:4096:0:1:0:1:1024:1024,3:8:4096:1:7200:0:1:0:1:3071:3071,3:4:8192:1:16384:0:1:0:1:7166:7166,3:2:16384:1:32768:0:1:0:1:15357:15357,3:1:32768:1:65536:0:0:0:0:31740:31740
65536,6553,8,256,14,19.982,78053.4,1:4096:16:0:25:0:0:0:1:8:8,2:2048:32:1:64:0:0:0:1:23:23,2:1024:64:1:128:0:0:0:1:54:54,2:512:128:1:256:0:0:0:1:117:117,2:256:256:1:512:0:0:0:1:244:244,2:128:512:1:1024:0:0:0:1:499:499,2:64:1024:1:2048:0:0:0:1:1010:1010,3:32:2048:1:4096:0:1:0:1:2033:2033,3:16:4096:1:11250:0:1:0:0:4080:4080,3:8:6561:1:13230:0:1:0:0:6561:6561,3:4:6561:1:13230:0:1:0:0:6561:6561,3:2:6561:1:13230:0:1:0:0:6561:6561,3:1:6561:1:13230:0:0:0:0:6561:6561
65536,16384,8,256,14,21.549,84174.4,1:4096:16:0:25:0:0:0:1:8:8,2:2048:32:1:64:0:0:0:1:23:23,2:1024:64:1:128:0:0:0:1:54:54,2:512:128:1:256:0:0:0:1:117:117,2:256:256:1:512:0:0:0:1:244:244,2:128:512:1:1024:0:0:0:1:499:499,2:64:1024:1:2048:0:0:0:1:1010:1010,3:32:2048:1:4096:0:1:0:1:2033:2033,3:16:4096:1:8192:0:1:0:1:4080:4080,3:8:8192:1:16384:0:1:0:1:8175:8175,3:4:16384:1:32768:0:1:0:0:16366:16366,3:2:16384:1:32768:0:1:0:0:16384:16384,3:1:16384:1:32768:0:0:0:0:16384:16384
65536,32768,8,256,14,22.888,89406.5,1:4096:16:0:25:0:0:0:1:8:8,2:2048:32:1:64:0:0:0:1:23:23,2:1024:64:1:128:0:0:0:1:54:54,2:512:128:1:256:0:0:0:1:117:117,2:256:256:1:512:0:0:0:1:244:244,2:128:512:1:1024:0:0:0:1:499:499,2:64:1024:1:2048:0:0:0:1:1010:1010,3:32:2048:1:4096:0:1:0:1:2033:2033,3:16:4096:1:8192:0:1:0:1:4080:4080,3:8:8192:1:16384:0:1:0:1:8175:8175,3:4:16384:1:32768:0:1:0:1:16366:16366,3:2:32768:1:65536:0:1:0:0:32749:32749,3:1:32768:1:65536:0:0:0:0:32768:32768
65536,65536,8,256,14,23.688,92530.7,1:4096:16:0:25:0:0:0:1:8:8,2:2048:32:1:64:0:0:0:1:23:23,2:1024:64:1:128:0:0:0:1:54:54,2:512:128:1:256:0:0:0:1:117:117,2:256:256:1:512:0:0:0:1:244:244,2:128:512:1:1024:0:0:0:1:499:499,2:64:1024:1:2048:0:0:0:1:1010:1010,3:32:2048:1:4096:0:1:0:1:2033:2033,3:16:4096:1:8192:0:1:0:1:4080:4080,3:8:8192:1:16384:0:1:0:1:8175:8175,3:4:16384:1:32768:0:1:0:1:16366:16366,3:2:32768:1:65536:0:1:0:1:32749:32749,3:1:65536:1:131072:0:0:0:0:65516:65516
65536,6553,16,256,13,18.686,72993.0,2:2048:32:1:64:0:0:0:1:16:16,2:1024:64:1:128:0:0:0:1:47:47,2:512:128:1:256:0:0:0:1:110:110,2:256:256:1:512:0:0:0:1:237:237,2:128:512:1:1024:0:0:0:1:492:492,2:64:1024:1:2048:0:0:0:1:1003:1003,3:32:2048:1:4096:0:1:0:1:2026:2026,3:16:4096:1:11250:0:1:0:0:4073:4073,3:8:6561:1:13230:0:1:0:0:6561:6561,3:4:6561:1:13230:0:1:0:0:6561:6561,3:2:6561:1:13230:0:1:0:0:6561:6561,3:1:6561:1:13230:0:0:0:0:6561:6561
65536,16384,16,256,13,20.278,79209.2,2:2048:32:1:64:0:0:0:1:16:16,2:1024:64:1:128:0:0:0:1:47:47,2:512:128:1:256:0:0:0:1:110:110,2:256:256:1:512:0:0:0:1:237:237,2:128:512:1:1024:0:0:0:1:492:492,2:64:1024:1:2048:0:0:0:1:1003:1003,3:32:2048:1:4096:0:1:0:1:2026:2026,3:16:4096:1:8192:0:1:0:1:4073:4073,3:8:8192:1:16384:0:1:0:1:8168:8168,3:4:16384:1:32768:0:1:0:0:16359:16359,3:2:16384:1:32768:0:1:0:0:16384:16384,3:1:16384:1:32768:0:0:0:0:16384:16384
65536,32768,16,256,13,21.600,84375.4,2:2048:32:1:64:0:0:0:1:16:16,2:1024:64:1:128:0:0:0:1:47:47,2:512:128:1:256:0:0:0:1:110:110,2:256:256:1:512:0:0:0:1:237:237,2:128:512:1:1024:0:0:0:1:492:492,2:64:1024:1:2048:0:0:0:1:1003:1003,3:32:2048:1:4096:0:1:0:1:2026:2026,3:16:4096:1:8192:0:1:0:1:4073:4073,3:8:8192:1:16384:0:1:0:1:8168:8168,3:4:16384:1:32768:0:1:0:1:16359:16359,3:2:32768:1:65536:0:1:0:0:32742:32742,3:1:32768:1:65536:0:0:0:0:32768:32768
65536,65536,16,256,13,22.421,87582.2,2:2048:32:1:64:0:0:0:1:16:16,2:1024:64:1:128:0:0:0:1:47:47,2:512:128:1:256:0:0:0:1:110:110,2:256:256:1:512:0:0:0:1:237:237,2:128:512:1:1024:0:0:0:1:492:492,2:64:1024:1:2048:0:0:0:1:1003:1003,3:32:2048:1:4096:0:1:0:1:2026:2026,3:16:4096:1:8192:0:1:0:1:4073:4073,3:8:8192:1:16384:0:1:0:1:8168:8168,3:4:16384:1:32768:0:1:0:1:16359:16359,3:2:32768:1:65536:0:1:0:1:32742:32742,3:1:65536:1:131072:0:0:0:0:65509:65509
65536,6553,32,256,12,17.715,69200.6,2:1024:64:1:128:0:0:0:1:32:32,2:512:128:1:256:0:0:0:1:95:95,2:256:256:1:512:0:0:0:1:222:222,2:128:512:1:1024:0:0:0:1:477:477,2:64:1024:1:2048:0:0:0:1:988:988,3:32:2048:1:4096:0:1:0:1:2011:2011,3:16:4096:1:11250:0:1:0:0:4058:4058,3:8:6561:1:13230:0:1:0:0:6561:6561,3:4:6561:1:13230:0:1:0:0:6561:6561,3:2:6561:1:13230:0:1:0:0:6561:6561,3:1:6561:1:13230:0:0:0:0:6561:6561
65536,16384,32,256,12,19.279,75307.6,2:1024:64:1:128:0:0:0:1:32:32,2:512:128:1:256:0:0:0:1:95:95,2:256:256:1:512:0:0:0:1:222:222,2:128:512:1:1024:0:0:0:1:477:477,2:64:1024:1:2048:0:0:0:1:988:988,3:32:2048:1:4096:0:1:0:1:2011:2011,3:16:4096:1:8192:0:1:0:1:4058:4058,3:8:8192:1:16384:0:1:0:1:8153:8153,3:4:16384:1:32768:0:1:0:0:16344:16344,3:2:16384:1:32768:0:1:0:0:16384:16384,3:1:16384:1:32768:0:0:0:0:16384:16384
65536,32768,32,256,12,20.617,80533.5,2:1024:64:1:128:0:0:0:1:32:32,2:512:128:1:256:0:0:0:1:95:95,2:256:256:1:512:0:0:0:1:222:222,2:128:512:1:1024:0:0:0:1:477:477,2:64:1024:1:2048:0:0:0:1:988:988,3:32:2048:1:4096:0:1:0:1:2011:2011,3:16:4096:1:8192:0:1:0:1:4058:4058,3:8:8192:1:16384:0:1:0:1:8153:8153,3:4:16384:1:32768:0:1:0:1:16344:16344,3:2:32768:1:65536:0:1:0:0:32727:32727,3:1:32768:1:65536:0:0:0:0:32768:32768
65536,65536,32,256,12,21.417,83661.5,2:1024:64:1:128:0:0:0:1:32:32,2:512:128:1:256:0:0:0:1:95:95,2:256:256:1:512:0:0:0:1:222:222,2:128:512:1:1024:0:0:0:1:477:477,2:64:1024:1:2048:0:0:0:1:988:988,3:32:2048:1:4096:0:1:0:1:2011:2011,3:16:4096:1:8192:0:1:0:1:4058:4058,3:8:8192:1:16384:0:1:0:1:8153:8153,3:4:16384:1:32768:0:1:0:1:16344:16344,3:2:32768:1:65536:0:1:0:1:32727:32727,3:1:65536:1:131072:0:0:0:0:65494:65494
65536,6553,64,256,11,17.116,66857.7,2:512:128:1:256:0:0:0:1:64:64,2:256:256:1:512:0:0:0:1:191:191,2:128:512:1:1024:0:0:0:1:446:446,2:64:1024:1:2048:0:0:0:1:957:957,3:32:2048:1:4096:0:1:0:1:1980:1980,3:16:4096:1:11250:0:1:0:0:4027:4027,3:8:6561:1:13230:0:1:0:0:6561:6561,3:4:6561:1:13230:0:1:0:0:6561:6561,3:2:6561:1:13230:0:1:0:0:6561:6561,3:1:6561:1:13230:0:0:0:0:6561:6561
65536,16384,64,256,11,18.680,72968.5,2:512:128:1:256:0:0:0:1:64:64,2:256:256:1:512:0:0:0:1:191:191,2:128:512:1:1024:0:0:0:1:446:446,2:64:1024:1:2048:0:0:0:1:957:957,3:32:2048:1:4096:0:1:0:1:1980:1980,3:16:4096:1:8192:0:1:0:1:4027:4027,3:8:8192:1:16384:0:1:0:1:8122:8122,3:4:16384:1:32768:0:1:0:0:16313:16313,3:2:16384:1:32768:0:1:0:0:16384:16384,3:1:16384:1:32768:0:0:0:0:16384:16384
65536,32768,64,256,11,20.039,78275.8,2:512:128:1:256:0:0:0:1:64:64,2:256:256:1:512:0:0:0:1:191:191,2:128:512:1:1024:0:0:0:1:446:446,2:64:1024:1:2048:0:0:0:1:957:957,3:32:2048:1:4096:0:1:0:1:1980:1980,3:16:4096:1:8192:0:1:0:1:4027:4027,3:8:8192:1:16384:0:1:0:1:8122:8122,3:4:16384:1:32768:0:1:0:1:16313:16313,3:2:32768:1:65536:0:1:0:0:32696:32696,3:1:32768:1:65536:0:0:0:0:32768:32768
65536,65536,64,256,11,20.828,81357.4,2:512:128:1:256:0:0:0:1:64:64,2:256:256:1:512:0:0:0:1:191:191,2:128:512:1:1024:0:0:0:1:446:446,2:64:1024:1:2048:0:0:0:1:957:957,3:32:2048:1:4096:0:1:0:1:1980:1980,3:16:4096:1:8192:0:1:0:1:4027:4027,3:8:8192:1:16384:0:1:0:1:8122:8122,3:4:16384:1:32768:0:1:0:1:16313:16313,3:2:32768:1:65536:0:1:0:1:32696:32696,3:1:65536:1:131072:0:0:0:0:65463:65463
65536,6553,128,256,10,17.773,69424.7,2:256:256:1:512:0:0:0:1:128:128,2:128:512:1:1024:0:0:0:1:383:383,2:64:1024:1:2048:0:0:0:1:894:894,3:32:2048:1:4096:0:1:0:1:1917:1917,3:16:4096:1:11250:0:1:0:0:3964:3964,3:8:6561:1:13230:0:1:0:0:6561:6561,3:4:6561:1:13230:0:1:0:0:6561:6561,3:2:6561:1:13230:0:1:0:0:6561:6561,3:1:6561:1:13230:0:0:0:0:6561:6561
65536,16384,128,256,10,19.346,75571.1,2:256:256:1:512:0:0:0:1:128:128,2:128:512:1:1024:0:0:0:1:383:383,2:64:1024:1:2048:0:0:0:1:894:894,3:32:2048:1:4096:0:1:0:1:1917:1917,3:16:4096:1:8192:0:1:0:1:3964:3964,3:8:8192:1:16384:0:1:0:1:8059:8059,3:4:16384:1:32768:0:1:0:0:16250:16250,3:2:16384:1:32768:0:1:0:0:16384:16384,3:1:16384:1:32768:0:0:0:0:16384:16384
65536,32768,128,256,10,20.675,80762.1,2:256:256:1:512:0:0:0:1:128:128,2:128:512:1:1024:0:0:0:1:383:383,2:64:1024:1:2048:0:0:0:1:894:894,3:32:2048:1:4096:0:1:0:1:1917:1917,3:16:4096:1:8192:0:1:0:1:3964:3964,3:8:8192:1:16384:0:1:0:1:8059:8059,3:4:16384:1:32768:0:1:0:1:16250:16250,3:2:32768:1:65536:0:1:0:0:32633:32633,3:1:32768:1:65536:0:0:0:0:32768:32768
65536,65536,128,256,10,21.492,83954.7,2:256:256:1:512:0:0:0:1:128:128,2:128:512:1:1024:0:0:0:1:383:383,2:64:1024:1:2048:0:0:0:1:894:894,3:32:2048:1:4096:0:1:0:1:1917:1917,3:16:4096:1:8192:0:1:0:1:3964:3964,3:8:8192:1:16384:0:1:0:1:8059:8059,3:4:16384:1:32768:0:1:0:1:16250:16250,3:2:32768:1:65536:0:1:0:1:32633:32633,3:1:65536:1:131072:0:0:0:0:65400:65400
65536,6553,256,256,9,20.611,80511.2,2:128:512:1:1024:0:0:0:1:256:256,2:64:1024:1:2048:0:0:0:1:767:767,3:32:2048:1:4096:0:1:0:1:1790:1790,3:16:4096:1:11250:0:1:0:0:3837:3837,3:8:6561:1:13230:0:1:0:0:6561:6561,3:4:6561:1:13230:0:1:0:0:6561:6561,3:2:6561:1:13230:0:1:0:0:6561:6561,3:1:6561:1:13230:0:0:0:0:6561:6561
65536,16384,256,256,9,22.201,86722.5,2:128:512:1:1024:0:0:0:1:256:256,2:64:1024:1:2048:0:0:0:1:767:767,3:32:2048:1:4096:0:1:0:1:1790:1790,3:16:4096:1:8192:0:1:0:1:3837:3837,3:8:8192:1:16384:0:1:0:1:7932:7932,3:4:16384:1:32768:0:1:0:0:16123:16123,3:2:16384:1:32768:0:1:0:0:16384:16384,3:1:16384:1:32768:0:0:0:0:16384:16384
65536,32768,256,256,9,23.543,91963.6,2:128:512:1:1024:0:0:0:1:256:256,2:64:1024:1:2048:0:0:0:1:767:767,3:32:2048:1:4096:0:1:0:1:1790:1790,3:16:4096:1:8192:0:1:0:1:3837:3837,3:8:8192:1:16384:0:1:0:1:7932:7932,3:4:16384:1:32768:0:1:0:1:16123:16123,3:2:32768:1:65536:0:1:0:0:32506:32506,3:1:32768:1:65536:0:0:0:0:32768:32768
65536,65536,256,256,9,24.359,95151.3,2:128:512:1:1024:0:0:0:1:256:256,2:64:1024:1:2048:0:0:0:1:767:767,3:32:2048:1:4096:0:1:0:1:1790:1790,3:16:4096:1:8192:0:1:0:1:3837:3837,3:8:8192:1:16384:0:1:0:1:7932:7932,3:4:16384:1:32768:0:1:0:1:16123:16123,3:2:32768:1:65536:0:1:0:1:32506:32506,3:1:65536:1:131072:0:0:0:0:65273:65273
65536,6553,512,256,8,24.798,96866.5,2:64:1024:1:2048:0:0:0:1:512:512,3:32:2048:1:4096:0:1:0:1:1535:1535,3:16:4096:1:11250:0:1:0:0:3582:3582,3:8:6561:1:13230:0:1:0:0:6561:6561,3:4:6561:1:13230:0:1:0:0:6561:6561,3:2:6561:1:13230:0:1:0:0:6561:6561,3:1:6561:1:13230:0:0:0:0:6561:6561
65536,16384,512,256,8,26.402,103132.3,2:64:1024:1:2048:0:0:0:1:512:512,3:32:2048:1:4096:0:1:0:1:1535:1535,3:16:4096:1:8192:0:1:0:1:3582:3582,3:8:8192:1:16384:0:1:0:1:7677:7677,3:4:16384:1:32768:0:1:0:0:15868:15868,3:2:16384:1:32768:0:1:0:0:16384:16384,3:1:16384:1:32768:0:0:0:0:16384:16384
65536,32768,512,256,8,27.735,108339.2,2:64:1024:1:2048:0:0:0:1:512:512,3:32:2048:1:4096:0:1:0:1:1535:1535,3:16:4096:1:8192:0:1:0:1:3582:3582,3:8:8192:1:16384:0:1:0:1:7677:7677,3:4:16384:1:32768:0:1:0:1:15868:15868,3:2:32768:1:65536:0:1:0:0:32251:32251,3:1:32768:1:65536:0:0:0:0:32768:32768
65536,65536,512,256,8,28.535,111465.1,2:64:1024:1:2048:0:0:0:1:512:512,3:32:2048:1:4096:0:1:0:1:1535:1535,3:16:4096:1:8192:0:1:0:1:3582:3582,3:8:8192:1:16384:0:1:0:1:7677:7677,3:4:16384:1:32768:0:1:0:1:15868:15868,3:2:32768:1:65536:0:1:0:1:32251:32251,3:1:65536:1:131072:0:0:0:0:65018:65018
65536,6553,1024,256,7,33.910,132460.0,3:32:2048:1:4096:0:1:0:1:1024:1024,3:16:4096:1:11250:0:1:0:0:3071:3071,3:8:6561:1:13230:0:1:0:0:6561:6561,3:4:6561:1:13230:0:1:0:0:6561:6561,3:2:6561:1:13230:0:1:0:0:6561:6561,3:1:6561:1:13230:0:0:0:0:6561:6561
65536,16384,1024,256,7,35.724,139545.7,3:32:2048:1:4096:0:1:0:1:1024:1024,3:16:4096:1:7200:0:1:0:1:3071:3071,3:8:8192:1:16384:0:1:0:1:7166:7166,3:4:16384:1:32768:0:1:0:0:15357:15357,3:2:16384:1:32768:0:1:0:0:16384:16384,3:1:16384:1:32768:0:0:0:0:16384:16384
65536,32768,1024,256,7,37.045,144707.0,3:32:2048:1:4096:0:1:0:1:1024:1024,3:16:4096:1:7200:0:1:0:1:3071:3071,3:8:8192:1:16384:0:1:0:1:7166:7166,3:4:16384:1:32768:0:1:0:1:15357:15357,3:2:32768:1:65536:0:1:0:0:31740:31740,3:1:32768:1:65536:0:0:0:0:32768:32768
65536,65536,1024,256,7,37.850,147850.1,3:32:2048:1:4096:0:1:0:1:1024:1024,3:16:4096:1:7200:0:1:0:1:3071:3071,3:8:8192:1:16384:0:1:0:1:7166:7166,3:4:16384:1:32768:0:1:0:1:15357:15357,3:2:32768:1:65536:0:1:0:1:31740:31740,3:1:65536:1:131072:0:0:0:0:64507:64507
131072,13107,8,256,15,43.224,168843.5,1:8192:16:0:25:0:0:0:1:8:8,2:4096:32:1:64:0:0:0:1:23:23,2:2048:64:1:128:0:0:0:1:54:54,2:1024:128:1:256:0:0:0:1:117:117,2:512:256:1:512:0:0:0:1:244:244,2:256:512:1:1024:0:0:0:1:499:499,2:128:1024:1:2048:0:0:0:1:1010:1010,3:64:2048:1:4096:0:1:0:1:2033:2033,3:32:4096:1:8192:0:1:0:1:4080:4080,3:16:8192:1:21168:0:1:145:0:8175:8175,3:8:13122:1:27000:0:1:0:0:13122:13122,3:4:13122:1:27000:0:1:0:0:13122:13122,3:2:13122:1:27000:0:1:0:0:13122:13122,3:1:13122:1:27000:0:0:0:0:13122:13122
131072,32768,8,256,15,46.348,181048.6,1:8192:16:0:25:0:0:0:1:8:8,2:4096:32:1:64:0:0:0:1:23:23,2:2048:64:1:128:0:0:0:1:54:54,2:1024:128:1:256:0:0:0:1:117:117,2:512:256:1:512:0:0:0:1:244:244,2:256:512:1:1024:0:0:0:1:499:499,2:128:1024:1:2048:0:0:0:1:1010:1010,3:64:2048:1:4096:0:1:0:1:2033:2033,3:32:4096:1:8192:0:1:0:1:4080:4080,3:16:8192:1:16384:0:1:0:1:8175:8175,3:8:16384:1:32768:0:1:0:1:16366:16366,3:4:32768:1:65536:0:1:0:0:32749:32749,3:2:32768:1:65536:0:1:0:0:32768:32768,3:1:32768:1:65536:0:0:0:0:32768:32768
131072,65536,8,256,15,49.279,192496.3,1:8192:16:0:25:0:0:0:1:8:8,2:4096:32:1:64:0:0:0:1:23:23,2:2048:64:1:128:0:0:0:1:54:54,2:1024:128:1:256:0:0:0:1:117:117,2:512:256:1:512:0:0:0:1:244:244,2:256:512:1:1024:0:0:0:1:499:499,2:128:1024:1:2048:0:0:0:1:1010:1010,3:64:2048:1:4096:0:1:0:1:2033:2033,3:32:4096:1:8192:0:1:0:1:4080:4080,3:16:8192:1:16384:0:1:0:1:8175:8175,3:8:16384:1:32768:0:1:0:1:16366:16366,3:4:32768:1:65536:0:1:0:1:32749:32749,3:2:65536:1:131072:0:1:0:0:65516:65516,3:1:65536:1:131072:0:0:0:0:65536:65536
131072,131072,8,256,15,52.443,204854.1,1:8192:16:0:25:0:0:0:1:8:8,2:4096:32:1:64:0:0:0:1:23:23,2:2048:64:1:128:0:0:0:1:54:54,2:1024:128:1:256:0:0:0:1:117:117,2:512:256:1:512:0:0:0:1:244:244,2:256:512:1:1024:0:0:0:1:499:499,2:128:1024:1:2048:0:0:0:1:1010:1010,3:64:2048:1:4096:0:1:0:1:2033:2033,3:32:4096:1:8192:0:1:0:1:4080:4080,3:16:8192:1:16384:0:1:0:1:8175:8175,3:8:16384:1:32768:0:1:0:1:16366:16366,3:4:32768:1:65536:0:1:0:1:32749:32749,3:2:65536:1:131072:0:0:0:1:65516:65516,3:1:131072:1:262144:0:0:0:0:131051:131051
131072,13107,16,256,14,40.694,158959.3,2:4096:32:1:64:0:0:0:1:16:16,2:2048:64:1:128:0:0:0:1:47:47,2:1024:128:1:256:0:0:0:1:110:110,2:512:256:1:512:0:0:0:1:237:237,2:256:512:1:1024:0:0:0:1:492:492,2:128:1024:1:2048:0:0:0:1:1003:1003,3:64:2048:1:4096:0:1:0:1:2026:2026,3:32:4096:1:8192:0:1:0:1:4073:4073,3:16:8192:1:21168:0:1:145:0:8168:8168,3:8:13122:1:27000:0:1:0:0:13122:13122,3:4:13122:1:27000:0:1:0:0:13122:13122,3:2:13122:1:27000:0:1:0:0:13122:13122,3:1:13122:1:27000:0:0:0:0:13122:13122
131072,32768,16,256,14,43.821,171177.3,2:4096:32:1:64:0:0:0:1:16:16,2:2048:64:1:128:0:0:0:1:47:47,2:1024:128:1:256:0:0:0:1:110:110,2:512:256:1:512:0:0:0:1:237:237,2:256:512:1:1024:0:0:0:1:492:492,2:128:1024:1:2048:0:0:0:1:1003:1003,3:64:2048:1:4096:0:1:0:1:2026:2026,3:32:4096:1:8192:0:1:0:1:4073:4073,3:16:8192:1:16384:0:1:0:1:8168:8168,3:8:16384:1:32768:0:1:0:1:16359:16359,3:4:32768:1:65536:0:1:0:0:32742:32742,3:2:32768:1:65536:0:1:0:0:32768:32768,3:1:32768:1:65536:0:0:0:0:32768:32768
131072,65536,16,256,14,46.799,182809.9,2:4096:32:1:64:0:0:0:1:16:16,2:2048:64:1:128:0:0:0:1:47:47,2:1024:128:1:256:0:0:0:1:110:110,2:512:256:1:512:0:0:0:1:237:237,2:256:512:1:1024:0:0:0:1:492:492,2:128:1024:1:2048:0:0:0:1:1003:1003,3:64:2048:1:4096:0:1:0:1:2026:2026,3:32:4096:1:8192:0:1:0:1:4073:4073,3:16:8192:1:16384:0:1:0:1:8168:8168,3:8:16384:1:32768:0:1:0:1:16359:16359,3:4:32768:1:65536:0:1:0:1:32742:32742,3:2:65536:1:131072:0:1:0:0:65509:65509,3:1:65536:1:131072:0:0:0:0:65536:65536
131072,131072,16,256,14,49.915,194980.5,2:4096:32:1:64:0:0:0:1:16:16,2:2048:64:1:128:0:0:0:1:47:47,2:1024:128:1:256:0:0:0:1:110:110,2:512:256:1:512:0:0:0:1:237:237,2:256:512:1:1024:0:0:0:1:492:492,2:128:1024:1:2048:0:0:0:1:1003:1003,3:64:2048:1:4096:0:1:0:1:2026:2026,3:32:4096:1:8192:0:1:0:1:4073:4073,3:16:8192:1:16384:0:1:0:1:8168:8168,3:8:16384:1:32768:0:1:0:1:16359:16359,3:4:32768:1:65536:0:1:0:1:32742:32742,3:2:65536:1:131072:0:0:0:1:65509:65509,3:1:131072:1:262144:0:0:0:0:131044:131044
131072,13107,32,256,13,38.738,151322.2,2:2048:64:1:128:0:0:0:1:32:32,2:1024:128:1:256:0:0:0:1:95:95,2:512:256:1:512:0:0:0:1:222:222,2:256:512:1:1024:0:0:0:1:477:477,2:128:1024:1:2048:0:0:0:1:988:988,3:64:2048:1:4096:0:1:0:1:2011:2011,3:32:4096:1:8192:0:1:0:1:4058:4058,3:16:8192:1:21168:0:1:145:0:8153:8153,3:8:13122:1:27000:0:1:0:0:13122:13122,3:4:13122:1:27000:0:1:0:0:13122:13122,3:2:13122:1:27000:0:1:0:0:13122:13122,3:1:13122:1:27000:0:0:0:0:13122:13122
131072,32768,32,256,13,41.805,163299.6,2:2048:64:1:128:0:0:0:1:32:32,2:1024:128:1:256:0:0:0:1:95:95,2:512:256:1:512:0:0:0:1:222:222,2:256:512:1:1024:0:0:0:1:477:477,2:128:1024:1:2048:0:0:0:1:988:988,3:64:2048:1:4096:0:1:0:1:2011:2011,3:32:4096:1:8192:0:1:0:1:4058:4058,3:16:8192:1:16384:0:1:0:1:8153:8153,3:8:16384:1:32768:0:1:0:1:16344:16344,3:4:32768:1:65536:0:1:0:0:32727:32727,3:2:32768:1:65536:0:1:0:0:32768:32768,3:1:32768:1:65536:0:0:0:0:32768:32768
131072,65536,32,256,13,44.797,174989.5,2:2048:64:1:128:0:0:0:1:32:32,2:1024:128:1:256:0:0:0:1:95:95,2:512:256:1:512:0:0:0:1:222:222,2:256:512:1:1024:0:0:0:1:477:477,2:128:1024:1:2048:0:0:0:1:988:988,3:64:2048:1:4096:0:1:0:1:2011:2011,3:32:4096:1:8192:0:1:0:1:4058:4058,3:16:8192:1:16384:0:1:0:1:8153:8153,3:8:16384:1:32768:0:1:0:1:16344:16344,3:4:32768:1:65536:0:1:0:1:32727:32727,3:2:65536:1:131072:0:1:0:0:65494:65494,3:1:65536:1:131072:0:0:0:0:65536:65536
131072,131072,32,256,13,47.977,187410.2,2:2048:64:1:128:0:0:0:1:32:32,2:1024:128:1:256:0:0:0:1:95:95,2:512:256:1:512:0:0:0:1:222:222,2:256:512:1:1024:0:0:0:1:477:477,2:128:1024:1:2048:0:0:0:1:988:988,3:64:2048:1:4096:0:1:0:1:2011:2011,3:32:4096:1:8192:0:1:0:1:4058:4058,3:16:8192:1:16384:0:1:0:1:8153:8153,3:8:16384:1:32768:0:1:0:1:16344:16344,3:4:32768:1:65536:0:1:0:1:32727:32727,3:2:65536:1:131072:0:0:0:1:65494:65494,3:1:131072:1:262144:0:0:0:0:131029:131029
131072,13107,64,256,12,37.538,146633.0,2:1024:128:1:256:0:0:0:1:64:64,2:512:256:1:512:0:0:0:1:191:191,2:256:512:1:1024:0:0:0:1:446:446,2:128:1024:1:2048:0:0:0:1:957:957,3:64:2048:1:4096:0:1:0:1:1980:1980,3:32:4096:1:8192:0:1:0:1:4027:4027,3:16:8192:1:21168:0:1:145:0:8122:8122,3:8:13122:1:27000:0:1:0:0:13122:13122,3:4:13122:1:27000:0:1:0:0:13122:13122,3:2:13122:1:27000:0:1:0:0:13122:13122,3:1:13122:1:27000:0:0:0:0:13122:13122
131072,32768,64,256,12,40.622,158680.4,2:1024:128:1:256:0:0:0:1:64:64,2:512:256:1:512:0:0:0:1:191:191,2:256:512:1:1024:0:0:0:1:446:446,2:128:1024:1:2048:0:0:0:1:957:957,3:64:2048:1:4096:0:1:0:1:1980:1980,3:32:4096:1:8192:0:1:0:1:4027:4027,3:16:8192:1:16384:0:1:0:1:8122:8122,3:8:16384:1:32768:0:1:0:1:16313:16313,3:4:32768:1:65536:0:1:0:0:32696:32696,3:2:32768:1:65536:0:1:0:0:32768:32768,3:1:32768:1:65536:0:0:0:0:32768:32768
131072,65536,64,256,12,43.628,170423.4,2:1024:128:1:256:0:0:0:1:64:64,2:512:256:1:512:0:0:0:1:191:191,2:256:512:1:1024:0:0:0:1:446:446,2:128:1024:1:2048:0:0:0:1:957:957,3:64:2048:1:4096:0:1:0:1:1980:1980,3:32:4096:1:8192:0:1:0:1:4027:4027,3:16:8192:1:16384:0:1:0:1:8122:8122,3:8:16384:1:32768:0:1:0:1:16313:16313,3:4:32768:1:65536:0:1:0:1:32696:32696,3:2:65536:1:131072:0:1:0:0:65463:65463,3:1:65536:1:131072:0:0:0:0:65536:65536
131072,131072,64,256,12,46.775,182716.5,2:1024:128:1:256:0:0:0:1:64:64,2:512:256:1:512:0:0:0:1:191:191,2:256:512:1:1024:0:0:0:1:446:446,2:128:1024:1:2048:0:0:0:1:957:957,3:64:2048:1:4096:0:1:0:1:1980:1980,3:32:4096:1:8192:0:1:0:1:4027:4027,3:16:8192:1:16384:0:1:0:1:8122:8122,3:8:16384:1:32768:0:1:0:1:16313:16313,3:4:32768:1:65536:0:1:0:1:32696:32696,3:2:65536:1:131072:0:0:0:1:65463:65463,3:1:131072:1:262144:0:0:0:0:130998:130998
131072,13107,128,256,11,38.905,151972.3,2:512:256:1:512:0:0:0:1:128:128,2:256:512:1:1024:0:0:0:1:383:383,2:128:1024:1:2048:0:0:0:1:894:894,3:64:2048:1:4096:0:1:0:1:1917:1917,3:32:4096:1:8192:0:1:0:1:3964:3964,3:16:8192:1:21168:0:1:145:0:8059:8059,3:8:13122:1:27000:0:1:0:0:13122:13122,3:4:13122:1:27000:0:1:0:0:13122:13122,3:2:13122:1:27000:0:1:0:0:13122:13122,3:1:13122:1:27000:0:0:0:0:13122:13122
131072,32768,128,256,11,42.021,164143.8,2:512:256:1:512:0:0:0:1:128:128,2:256:512:1:1024:0:0:0:1:383:383,2:128:1024:1:2048:0:0:0:1:894:894,3:64:2048:1:4096:0:1:0:1:1917:1917,3:32:4096:1:8192:0:1:0:1:3964:3964,3:16:8192:1:16384:0:1:0:1:8059:8059,3:8:16384:1:32768:0:1:0:1:16250:16250,3:4:32768:1:65536:0:1:0:0:32633:32633,3:2:32768:1:65536:0:1:0:0:32768:32768,3:1:32768:1:65536:0:0:0:0:32768:32768
131072,65536,128,256,11,44.927,175496.0,2:512:256:1:512:0:0:0:1:128:128,2:256:512:1:1024:0:0:0:1:383:383,2:128:1024:1:2048:0:0:0:1:894:894,3:64:2048:1:4096:0:1:0:1:1917:1917,3:32:4096:1:8192:0:1:0:1:3964:3964,3:16:8192:1:16384:0:1:0:1:8059:8059,3:8:16384:1:32768:0:1:0:1:16250:16250,3:4:32768:1:65536:0:1:0:1:32633:32633,3:2:65536:1:131072:0:1:0:0:65400:65400,3:1:65536:1:131072:0:0:0:0:65536:65536
